Geography,Number - Both sexes; Total population,Number - Male; Total population,Number - Female; Total population,Percent - Both sexes; Total population,Percent - Male; Total population,Percent - Female; Total population,Males per 100 females; Total population,Number - Both sexes; Total population - Under 5 years,Number - Male; Total population - Under 5 years,Number - Female; Total population - Under 5 years,Percent - Both sexes; Total population - Under 5 years,Percent - Male; Total population - Under 5 years,Percent - Female; Total population - Under 5 years,Males per 100 females; Total population - Under 5 years,Number - Both sexes; Total population - 5 to 9 years,Number - Male; Total population - 5 to 9 years,Number - Female; Total population - 5 to 9 years,Percent - Both sexes; Total population - 5 to 9 years,Percent - Male; Total population - 5 to 9 years,Percent - Female; Total population - 5 to 9 years,Males per 100 females; Total population - 5 to 9 years,Number - Both sexes; Total population - 10 to 14 years,Number - Male; Total population - 10 to 14 years,Number - Female; Total population - 10 to 14 years,Percent - Both sexes; Total population - 10 to 14 years,Percent - Male; Total population - 10 to 14 years,Percent - Female; Total population - 10 to 14 years,Males per 100 females; Total population - 10 to 14 years,Number - Both sexes; Total population - 15 to 19 years,Number - Male; Total population - 15 to 19 years,Number - Female; Total population - 15 to 19 years,Percent - Both sexes; Total population - 15 to 19 years,Percent - Male; Total population - 15 to 19 years,Percent - Female; Total population - 15 to 19 years,Males per 100 females; Total population - 15 to 19 years,Number - Both sexes; Total population - 20 to 24 years,Number - Male; Total population - 20 to 24 years,Number - Female; Total population - 20 to 24 years,Percent - Both sexes; Total population - 20 to 24 years,Percent - Male; Total population - 20 to 24 years,Percent - Female; Total population - 20 to 24 years,Males per 100 females; Total population - 20 to 24 years,Number - Both sexes; Total population - 25 to 29 years,Number - Male; Total population - 25 to 29 years,Number - Female; Total population - 25 to 29 years,Percent - Both sexes; Total population - 25 to 29 years,Percent - Male; Total population - 25 to 29 years,Percent - Female; Total population - 25 to 29 years,Males per 100 females; Total population - 25 to 29 years,Number - Both sexes; Total population - 30 to 34 years,Number - Male; Total population - 30 to 34 years,Number - Female; Total population - 30 to 34 years,Percent - Both sexes; Total population - 30 to 34 years,Percent - Male; Total population - 30 to 34 years,Percent - Female; Total population - 30 to 34 years,Males per 100 females; Total population - 30 to 34 years,Number - Both sexes; Total population - 35 to 39 years,Number - Male; Total population - 35 to 39 years,Number - Female; Total population - 35 to 39 years,Percent - Both sexes; Total population - 35 to 39 years,Percent - Male; Total population - 35 to 39 years,Percent - Female; Total population - 35 to 39 years,Males per 100 females; Total population - 35 to 39 years,Number - Both sexes; Total population - 40 to 44 years,Number - Male; Total population - 40 to 44 years,Number - Female; Total population - 40 to 44 years,Percent - Both sexes; Total population - 40 to 44 years,Percent - Male; Total population - 40 to 44 years,Percent - Female; Total population - 40 to 44 years,Males per 100 females; Total population - 40 to 44 years,Number - Both sexes; Total population - 45 to 49 years,Number - Male; Total population - 45 to 49 years,Number - Female; Total population - 45 to 49 years,Percent - Both sexes; Total population - 45 to 49 years,Percent - Male; Total population - 45 to 49 years,Percent - Female; Total population - 45 to 49 years,Males per 100 females; Total population - 45 to 49 years,Number - Both sexes; Total population - 50 to 54 years,Number - Male; Total population - 50 to 54 years,Number - Female; Total population - 50 to 54 years,Percent - Both sexes; Total population - 50 to 54 years,Percent - Male; Total population - 50 to 54 years,Percent - Female; Total population - 50 to 54 years,Males per 100 females; Total population - 50 to 54 years,Number - Both sexes; Total population - 55 to 59 years,Number - Male; Total population - 55 to 59 years,Number - Female; Total population - 55 to 59 years,Percent - Both sexes; Total population - 55 to 59 years,Percent - Male; Total population - 55 to 59 years,Percent - Female; Total population - 55 to 59 years,Males per 100 females; Total population - 55 to 59 years,Number - Both sexes; Total population - 60 to 64 years,Number - Male; Total population - 60 to 64 years,Number - Female; Total population - 60 to 64 years,Percent - Both sexes; Total population - 60 to 64 years,Percent - Male; Total population - 60 to 64 years,Percent - Female; Total population - 60 to 64 years,Males per 100 females; Total population - 60 to 64 years,Number - Both sexes; Total population - 65 to 69 years,Number - Male; Total population - 65 to 69 years,Number - Female; Total population - 65 to 69 years,Percent - Both sexes; Total population - 65 to 69 years,Percent - Male; Total population - 65 to 69 years,Percent - Female; Total population - 65 to 69 years,Males per 100 females; Total population - 65 to 69 years,Number - Both sexes; Total population - 70 to 74 years,Number - Male; Total population - 70 to 74 years,Number - Female; Total population - 70 to 74 years,Percent - Both sexes; Total population - 70 to 74 years,Percent - Male; Total population - 70 to 74 years,Percent - Female; Total population - 70 to 74 years,Males per 100 females; Total population - 70 to 74 years,Number - Both sexes; Total population - 75 to 79 years,Number - Male; Total population - 75 to 79 years,Number - Female; Total population - 75 to 79 years,Percent - Both sexes; Total population - 75 to 79 years,Percent - Male; Total population - 75 to 79 years,Percent - Female; Total population - 75 to 79 years,Males per 100 females; Total population - 75 to 79 years,Number - Both sexes; Total population - 80 to 84 years,Number - Male; Total population - 80 to 84 years,Number - Female; Total population - 80 to 84 years,Percent - Both sexes; Total population - 80 to 84 years,Percent - Male; Total population - 80 to 84 years,Percent - Female; Total population - 80 to 84 years,Males per 100 females; Total population - 80 to 84 years,Number - Both sexes; Total population - 85 to 89 years,Number - Male; Total population - 85 to 89 years,Number - Female; Total population - 85 to 89 years,Percent - Both sexes; Total population - 85 to 89 years,Percent - Male; Total population - 85 to 89 years,Percent - Female; Total population - 85 to 89 years,Males per 100 females; Total population - 85 to 89 years,Number - Both sexes; Total population - 90 years and over,Number - Male; Total population - 90 years and over,Number - Female; Total population - 90 years and over,Percent - Both sexes; Total population - 90 years and over,Percent - Male; Total population - 90 years and over,Percent - Female; Total population - 90 years and over,Males per 100 females; Total population - 90 years and over,Number - Both sexes; Total population - Under 18 years,Number - Male; Total population - Under 18 years,Number - Female; Total population - Under 18 years,Percent - Both sexes; Total population - Under 18 years,Percent - Male; Total population - Under 18 years,Percent - Female; Total population - Under 18 years,Males per 100 females; Total population - Under 18 years,Number - Both sexes; Total population - 18 to 64 years,Number - Male; Total population - 18 to 64 years,Number - Female; Total population - 18 to 64 years,Percent - Both sexes; Total population - 18 to 64 years,Percent - Male; Total population - 18 to 64 years,Percent - Female; Total population - 18 to 64 years,Males per 100 females; Total population - 18 to 64 years,Number - Both sexes; Total population - 18 to 64 years - 18 to 24 years,Number - Male; Total population - 18 to 64 years - 18 to 24 years,Number - Female; Total population - 18 to 64 years - 18 to 24 years,Percent - Both sexes; Total population - 18 to 64 years - 18 to 24 years,Percent - Male; Total population - 18 to 64 years - 18 to 24 years,Percent - Female; Total population - 18 to 64 years - 18 to 24 years,Males per 100 females; Total population - 18 to 64 years - 18 to 24 years,Number - Both sexes; Total population - 18 to 64 years - 25 to 44 years,Number - Male; Total population - 18 to 64 years - 25 to 44 years,Number - Female; Total population - 18 to 64 years - 25 to 44 years,Percent - Both sexes; Total population - 18 to 64 years - 25 to 44 years,Percent - Male; Total population - 18 to 64 years - 25 to 44 years,Percent - Female; Total population - 18 to 64 years - 25 to 44 years,Males per 100 females; Total population - 18 to 64 years - 25 to 44 years,Number - Both sexes; Total population - 18 to 64 years - 25 to 44 years - 25 to 34 years,Number - Male; Total population - 18 to 64 years - 25 to 44 years - 25 to 34 years,Number - Female; Total population - 18 to 64 years - 25 to 44 years - 25 to 34 years,Percent - Both sexes; Total population - 18 to 64 years - 25 to 44 years - 25 to 34 years,Percent - Male; Total population - 18 to 64 years - 25 to 44 years - 25 to 34 years,Percent - Female; Total population - 18 to 64 years - 25 to 44 years - 25 to 34 years,Males per 100 females; Total population - 18 to 64 years - 25 to 44 years - 25 to 34 years,Number - Both sexes; Total population - 18 to 64 years - 25 to 44 years - 35 to 44 years,Number - Male; Total population - 18 to 64 years - 25 to 44 years - 35 to 44 years,Number - Female; Total population - 18 to 64 years - 25 to 44 years - 35 to 44 years,Percent - Both sexes; Total population - 18 to 64 years - 25 to 44 years - 35 to 44 years,Percent - Male; Total population - 18 to 64 years - 25 to 44 years - 35 to 44 years,Percent - Female; Total population - 18 to 64 years - 25 to 44 years - 35 to 44 years,Males per 100 females; Total population - 18 to 64 years - 25 to 44 years - 35 to 44 years,Number - Both sexes; Total population - 18 to 64 years - 45 to 64 years,Number - Male; Total population - 18 to 64 years - 45 to 64 years,Number - Female; Total population - 18 to 64 years - 45 to 64 years,Percent - Both sexes; Total population - 18 to 64 years - 45 to 64 years,Percent - Male; Total population - 18 to 64 years - 45 to 64 years,Percent - Female; Total population - 18 to 64 years - 45 to 64 years,Males per 100 females; Total population - 18 to 64 years - 45 to 64 years,Number - Both sexes; Total population - 18 to 64 years - 45 to 64 years - 45 to 54 years,Number - Male; Total population - 18 to 64 years - 45 to 64 years - 45 to 54 years,Number - Female; Total population - 18 to 64 years - 45 to 64 years - 45 to 54 years,Percent - Both sexes; Total population - 18 to 64 years - 45 to 64 years - 45 to 54 years,Percent - Male; Total population - 18 to 64 years - 45 to 64 years - 45 to 54 years,Percent - Female; Total population - 18 to 64 years - 45 to 64 years - 45 to 54 years,Males per 100 females; Total population - 18 to 64 years - 45 to 64 years - 45 to 54 years,Number - Both sexes; Total population - 18 to 64 years - 45 to 64 years - 55 to 64 years,Number - Male; Total population - 18 to 64 years - 45 to 64 years - 55 to 64 years,Number - Female; Total population - 18 to 64 years - 45 to 64 years - 55 to 64 years,Percent - Both sexes; Total population - 18 to 64 years - 45 to 64 years - 55 to 64 years,Percent - Male; Total population - 18 to 64 years - 45 to 64 years - 55 to 64 years,Percent - Female; Total population - 18 to 64 years - 45 to 64 years - 55 to 64 years,Males per 100 females; Total population - 18 to 64 years - 45 to 64 years - 55 to 64 years,Number - Both sexes; Total population - 65 years and over,Number - Male; Total population - 65 years and over,Number - Female; Total population - 65 years and over,Percent - Both sexes; Total population - 65 years and over,Percent - Male; Total population - 65 years and over,Percent - Female; Total population - 65 years and over,Males per 100 females; Total population - 65 years and over,Number - Both sexes; Total population - 65 years and over - 65 to 74 years,Number - Male; Total population - 65 years and over - 65 to 74 years,Number - Female; Total population - 65 years and over - 65 to 74 years,Percent - Both sexes; Total population - 65 years and over - 65 to 74 years,Percent - Male; Total population - 65 years and over - 65 to 74 years,Percent - Female; Total population - 65 years and over - 65 to 74 years,Males per 100 females; Total population - 65 years and over - 65 to 74 years,Number - Both sexes; Total population - 65 years and over - 75 to 84 years,Number - Male; Total population - 65 years and over - 75 to 84 years,Number - Female; Total population - 65 years and over - 75 to 84 years,Percent - Both sexes; Total population - 65 years and over - 75 to 84 years,Percent - Male; Total population - 65 years and over - 75 to 84 years,Percent - Female; Total population - 65 years and over - 75 to 84 years,Males per 100 females; Total population - 65 years and over - 75 to 84 years,Number - Both sexes; Total population - 65 years and over - 85 years and over,Number - Male; Total population - 65 years and over - 85 years and over,Number - Female; Total population - 65 years and over - 85 years and over,Percent - Both sexes; Total population - 65 years and over - 85 years and over,Percent - Male; Total population - 65 years and over - 85 years and over,Percent - Female; Total population - 65 years and over - 85 years and over,Males per 100 females; Total population - 65 years and over - 85 years and over,Number - Both sexes; Total population - 16 years and over,Number - Male; Total population - 16 years and over,Number - Female; Total population - 16 years and over,Percent - Both sexes; Total population - 16 years and over,Percent - Male; Total population - 16 years and over,Percent - Female; Total population - 16 years and over,Males per 100 females; Total population - 16 years and over,Number - Both sexes; Total population - 18 years and over,Number - Male; Total population - 18 years and over,Number - Female; Total population - 18 years and over,Percent - Both sexes; Total population - 18 years and over,Percent - Male; Total population - 18 years and over,Percent - Female; Total population - 18 years and over,Males per 100 females; Total population - 18 years and over,Number - Both sexes; Total population - 21 years and over,Number - Male; Total population - 21 years and over,Number - Female; Total population - 21 years and over,Percent - Both sexes; Total population - 21 years and over,Percent - Male; Total population - 21 years and over,Percent - Female; Total population - 21 years and over,Males per 100 females; Total population - 21 years and over,Number - Both sexes; Total population - 60 years and over,Number - Male; Total population - 60 years and over,Number - Female; Total population - 60 years and over,Percent - Both sexes; Total population - 60 years and over,Percent - Male; Total population - 60 years and over,Percent - Female; Total population - 60 years and over,Males per 100 females; Total population - 60 years and over,Number - Both sexes; Total population - 62 years and over,Number - Male; Total population - 62 years and over,Number - Female; Total population - 62 years and over,Percent - Both sexes; Total population - 62 years and over,Percent - Male; Total population - 62 years and over,Percent - Female; Total population - 62 years and over,Males per 100 females; Total population - 62 years and over,Number - Both sexes; Total population - 67 years and over,Number - Male; Total population - 67 years and over,Number - Female; Total population - 67 years and over,Percent - Both sexes; Total population - 67 years and over,Percent - Male; Total population - 67 years and over,Percent - Female; Total population - 67 years and over,Males per 100 females; Total population - 67 years and over,Number - Both sexes; Total population - 75 years and over,Number - Male; Total population - 75 years and over,Number - Female; Total population - 75 years and over,Percent - Both sexes; Total population - 75 years and over,Percent - Male; Total population - 75 years and over,Percent - Female; Total population - 75 years and over,Males per 100 females; Total population - 75 years and over,Number - Both sexes; Total population - Median age (years),Number - Male; Total population - Median age (years),Number - Female; Total population - Median age (years),Percent - Both sexes; Total population - Median age (years),Percent - Male; Total population - Median age (years),Percent - Female; Total population - Median age (years),Males per 100 females; Total population - Median age (years)
"Avon town, Hartford County, Connecticut",15832,7579,8253,100,100,100,91.8,1018,531,487,6.4,7,5.9,109,1295,649,646,8.2,8.6,7.8,100.5,1184,599,585,7.5,7.9,7.1,102.4,860,428,432,5.4,5.6,5.2,99.1,310,133,177,2,1.8,2.1,75.1,449,212,237,2.8,2.8,2.9,89.5,866,406,460,5.5,5.4,5.6,88.3,1310,596,714,8.3,7.9,8.7,83.5,1505,731,774,9.5,9.6,9.4,94.4,1426,687,739,9,9.1,9,93,1383,665,718,8.7,8.8,8.7,92.6,1050,510,540,6.6,6.7,6.5,94.4,805,400,405,5.1,5.3,4.9,98.8,609,315,294,3.8,4.2,3.6,107.1,610,263,347,3.9,3.5,4.2,75.8,531,236,295,3.4,3.1,3.6,80,323,122,201,2,1.6,2.4,60.7,193,72,121,1.2,0.9,1.5,59.5,105,24,81,0.7,0.3,1,29.6,4137,2106,2031,26.1,27.8,24.6,103.7,9324,4441,4883,58.9,58.6,59.2,90.9,530,234,296,3.3,3.1,3.6,79.1,4130,1945,2185,26.1,25.7,26.5,89,1315,618,697,8.3,8.2,8.4,88.7,2815,1327,1488,17.8,17.5,18,89.2,4664,2262,2402,29.5,29.8,29.1,94.2,2809,1352,1457,17.7,17.8,17.7,92.8,1855,910,945,11.7,12,11.5,96.3,2371,1032,1339,15,13.6,16.2,77.1,1219,578,641,7.7,7.6,7.8,90.2,854,358,496,5.4,4.7,6,72.2,298,96,202,1.9,1.3,2.4,47.5,12112,5683,6429,76.5,75,77.9,88.4,11695,5473,6222,73.9,72.2,75.4,88,11413,5342,6071,72.1,70.5,73.6,88,3176,1432,1744,20.1,18.9,21.1,82.1,2828,1268,1560,17.9,16.7,18.9,81.3,2131,905,1226,13.5,11.9,14.9,73.8,1152,454,698,7.3,6,8.5,65,42,41.5,42.4,(X),(X),(X),(X)
"Berlin town, Hartford County, Connecticut",18215,8847,9368,100,100,100,94.4,1022,506,516,5.6,5.7,5.5,98.1,1267,658,609,7,7.4,6.5,108,1402,700,702,7.7,7.9,7.5,99.7,1130,587,543,6.2,6.6,5.8,108.1,638,357,281,3.5,4,3,127,704,341,363,3.9,3.9,3.9,93.9,1108,541,567,6.1,6.1,6.1,95.4,1502,726,776,8.2,8.2,8.3,93.6,1744,835,909,9.6,9.4,9.7,91.9,1607,818,789,8.8,9.2,8.4,103.7,1353,665,688,7.4,7.5,7.3,96.7,960,487,473,5.3,5.5,5,103,749,342,407,4.1,3.9,4.3,84,749,351,398,4.1,4,4.2,88.2,795,349,446,4.4,3.9,4.8,78.3,691,290,401,3.8,3.3,4.3,72.3,493,206,287,2.7,2.3,3.1,71.8,222,72,150,1.2,0.8,1.6,48,79,16,63,0.4,0.2,0.7,25.4,4496,2286,2210,24.7,25.8,23.6,103.4,10690,5277,5413,58.7,59.6,57.8,97.5,963,522,441,5.3,5.9,4.7,118.4,5058,2443,2615,27.8,27.6,27.9,93.4,1812,882,930,9.9,10,9.9,94.8,3246,1561,1685,17.8,17.6,18,92.6,4669,2312,2357,25.6,26.1,25.2,98.1,2960,1483,1477,16.3,16.8,15.8,100.4,1709,829,880,9.4,9.4,9.4,94.2,3029,1284,1745,16.6,14.5,18.6,73.6,1544,700,844,8.5,7.9,9,82.9,1184,496,688,6.5,5.6,7.3,72.1,301,88,213,1.7,1,2.3,41.3,14228,6836,7392,78.1,77.3,78.9,92.5,13719,6561,7158,75.3,74.2,76.4,91.7,13232,6309,6923,72.6,71.3,73.9,91.1,3778,1626,2152,20.7,18.4,23,75.6,3484,1482,2002,19.1,16.8,21.4,74,2746,1151,1595,15.1,13,17,72.2,1485,584,901,8.2,6.6,9.6,64.8,41,40,41.9,(X),(X),(X),(X)
"Bloomfield town, Hartford County, Connecticut",19587,8777,10810,100,100,100,81.2,1012,503,509,5.2,5.7,4.7,98.8,1151,604,547,5.9,6.9,5.1,110.4,1326,679,647,6.8,7.7,6,104.9,1078,567,511,5.5,6.5,4.7,111,759,368,391,3.9,4.2,3.6,94.1,842,383,459,4.3,4.4,4.2,83.4,1111,526,585,5.7,6,5.4,89.9,1379,631,748,7,7.2,6.9,84.4,1458,641,817,7.4,7.3,7.6,78.5,1394,607,787,7.1,6.9,7.3,77.1,1506,628,878,7.7,7.2,8.1,71.5,1271,575,696,6.5,6.6,6.4,82.6,1042,435,607,5.3,5,5.6,71.7,975,416,559,5,4.7,5.2,74.4,971,423,548,5,4.8,5.1,77.2,895,366,529,4.6,4.2,4.9,69.2,674,242,432,3.4,2.8,4,56,464,132,332,2.4,1.5,3.1,39.8,279,51,228,1.4,0.6,2.1,22.4,4198,2155,2043,21.4,24.6,18.9,105.5,11131,4992,6139,56.8,56.9,56.8,81.3,1128,566,562,5.8,6.4,5.2,100.7,4790,2181,2609,24.5,24.8,24.1,83.6,1953,909,1044,10,10.4,9.7,87.1,2837,1272,1565,14.5,14.5,14.5,81.3,5213,2245,2968,26.6,25.6,27.5,75.6,2900,1235,1665,14.8,14.1,15.4,74.2,2313,1010,1303,11.8,11.5,12.1,77.5,4258,1630,2628,21.7,18.6,24.3,62,1946,839,1107,9.9,9.6,10.2,75.8,1569,608,961,8,6.9,8.9,63.3,743,183,560,3.8,2.1,5.2,32.7,15858,6862,8996,81,78.2,83.2,76.3,15389,6622,8767,78.6,75.4,81.1,75.5,14849,6331,8518,75.8,72.1,78.8,74.3,5300,2065,3235,27.1,23.5,29.9,63.8,4879,1902,2977,24.9,21.7,27.5,63.9,3849,1443,2406,19.7,16.4,22.3,60,2312,791,1521,11.8,9,14.1,52,43.9,41.1,46.2,(X),(X),(X),(X)
"Bristol town, Hartford County, Connecticut",60062,29041,31021,100,100,100,93.6,3761,1944,1817,6.3,6.7,5.9,107,3931,2016,1915,6.5,6.9,6.2,105.3,3988,2021,1967,6.6,7,6.3,102.7,3394,1730,1664,5.7,6,5.4,104,3192,1589,1603,5.3,5.5,5.2,99.1,4122,2029,2093,6.9,7,6.7,96.9,4943,2482,2461,8.2,8.5,7.9,100.9,5236,2638,2598,8.7,9.1,8.4,101.5,5226,2631,2595,8.7,9.1,8.4,101.4,4255,2114,2141,7.1,7.3,6.9,98.7,3832,1799,2033,6.4,6.2,6.6,88.5,2981,1452,1529,5,5,4.9,95,2276,1072,1204,3.8,3.7,3.9,89,2187,974,1213,3.6,3.4,3.9,80.3,2187,939,1248,3.6,3.2,4,75.2,1941,762,1179,3.2,2.6,3.8,64.6,1426,535,891,2.4,1.8,2.9,60,808,245,563,1.3,0.8,1.8,43.5,376,69,307,0.6,0.2,1,22.5,13922,7105,6817,23.2,24.5,22,104.2,37215,18412,18803,62,63.4,60.6,97.9,4344,2195,2149,7.2,7.6,6.9,102.1,19527,9780,9747,32.5,33.7,31.4,100.3,9065,4511,4554,15.1,15.5,14.7,99.1,10462,5269,5193,17.4,18.1,16.7,101.5,13344,6437,6907,22.2,22.2,22.3,93.2,8087,3913,4174,13.5,13.5,13.5,93.7,5257,2524,2733,8.8,8.7,8.8,92.4,8925,3524,5401,14.9,12.1,17.4,65.2,4374,1913,2461,7.3,6.6,7.9,77.7,3367,1297,2070,5.6,4.5,6.7,62.7,1184,314,870,2,1.1,2.8,36.1,47614,22684,24930,79.3,78.1,80.4,91,46140,21936,24204,76.8,75.5,78,90.6,44465,21072,23393,74,72.6,75.4,90.1,11201,4596,6605,18.6,15.8,21.3,69.6,10239,4147,6092,17,14.3,19.6,68.1,8105,3155,4950,13.5,10.9,16,63.7,4551,1611,2940,7.6,5.5,9.5,54.8,37.6,36.3,38.9,(X),(X),(X),(X)
"Burlington town, Hartford County, Connecticut",8190,4109,4081,100,100,100,100.7,605,326,279,7.4,7.9,6.8,116.8,669,348,321,8.2,8.5,7.9,108.4,677,353,324,8.3,8.6,7.9,109,521,257,264,6.4,6.3,6.5,97.3,243,127,116,3,3.1,2.8,109.5,283,139,144,3.5,3.4,3.5,96.5,618,292,326,7.5,7.1,8,89.6,803,388,415,9.8,9.4,10.2,93.5,878,414,464,10.7,10.1,11.4,89.2,791,404,387,9.7,9.8,9.5,104.4,712,360,352,8.7,8.8,8.6,102.3,528,275,253,6.4,6.7,6.2,108.7,264,145,119,3.2,3.5,2.9,121.8,207,108,99,2.5,2.6,2.4,109.1,155,78,77,1.9,1.9,1.9,101.3,118,50,68,1.4,1.2,1.7,73.5,62,22,40,0.8,0.5,1,55,39,19,20,0.5,0.5,0.5,95,17,4,13,0.2,0.1,0.3,30.8,2313,1211,1102,28.2,29.5,27,109.9,5279,2617,2662,64.5,63.7,65.2,98.3,402,200,202,4.9,4.9,4.9,99,2582,1233,1349,31.5,30,33.1,91.4,901,431,470,11,10.5,11.5,91.7,1681,802,879,20.5,19.5,21.5,91.2,2295,1184,1111,28,28.8,27.2,106.6,1503,764,739,18.4,18.6,18.1,103.4,792,420,372,9.7,10.2,9.1,112.9,598,281,317,7.3,6.8,7.8,88.6,362,186,176,4.4,4.5,4.3,105.7,180,72,108,2.2,1.8,2.6,66.7,56,23,33,0.7,0.6,0.8,69.7,6114,3015,3099,74.7,73.4,75.9,97.3,5877,2898,2979,71.8,70.5,73,97.3,5661,2793,2868,69.1,68,70.3,97.4,862,426,436,10.5,10.4,10.7,97.7,750,367,383,9.2,8.9,9.4,95.8,518,233,285,6.3,5.7,7,81.8,236,95,141,2.9,2.3,3.5,67.4,38,37.8,38.1,(X),(X),(X),(X)
"Canton town, Hartford County, Connecticut",8840,4283,4557,100,100,100,94,576,276,300,6.5,6.4,6.6,92,670,348,322,7.6,8.1,7.1,108.1,644,338,306,7.3,7.9,6.7,110.5,488,253,235,5.5,5.9,5.2,107.7,237,131,106,2.7,3.1,2.3,123.6,403,204,199,4.6,4.8,4.4,102.5,628,291,337,7.1,6.8,7.4,86.4,796,362,434,9,8.5,9.5,83.4,898,431,467,10.2,10.1,10.2,92.3,789,386,403,8.9,9,8.8,95.8,718,329,389,8.1,7.7,8.5,84.6,556,297,259,6.3,6.9,5.7,114.7,382,187,195,4.3,4.4,4.3,95.9,290,148,142,3.3,3.5,3.1,104.2,229,109,120,2.6,2.5,2.6,90.8,204,81,123,2.3,1.9,2.7,65.9,164,57,107,1.9,1.3,2.3,53.3,110,41,69,1.2,1,1.5,59.4,58,14,44,0.7,0.3,1,31.8,2248,1145,1103,25.4,26.7,24.2,103.8,5537,2688,2849,62.6,62.8,62.5,94.3,367,201,166,4.2,4.7,3.6,121.1,2725,1288,1437,30.8,30.1,31.5,89.6,1031,495,536,11.7,11.6,11.8,92.4,1694,793,901,19.2,18.5,19.8,88,2445,1199,1246,27.7,28,27.3,96.2,1507,715,792,17,16.7,17.4,90.3,938,484,454,10.6,11.3,10,106.6,1055,450,605,11.9,10.5,13.3,74.4,519,257,262,5.9,6,5.7,98.1,368,138,230,4.2,3.2,5,60,168,55,113,1.9,1.3,2.5,48.7,6812,3249,3563,77.1,75.9,78.2,91.2,6592,3138,3454,74.6,73.3,75.8,90.9,6409,3039,3370,72.5,71,74,90.2,1437,637,800,16.3,14.9,17.6,79.6,1296,568,728,14.7,13.3,16,78,922,393,529,10.4,9.2,11.6,74.3,536,193,343,6.1,4.5,7.5,56.3,39.9,39,40.4,(X),(X),(X),(X)
"East Granby town, Hartford County, Connecticut",4745,2334,2411,100,100,100,96.8,325,156,169,6.8,6.7,7,92.3,349,185,164,7.4,7.9,6.8,112.8,383,195,188,8.1,8.4,7.8,103.7,258,125,133,5.4,5.4,5.5,94,139,59,80,2.9,2.5,3.3,73.8,205,104,101,4.3,4.5,4.2,103,338,182,156,7.1,7.8,6.5,116.7,446,218,228,9.4,9.3,9.5,95.6,477,221,256,10.1,9.5,10.6,86.3,390,209,181,8.2,9,7.5,115.5,355,178,177,7.5,7.6,7.3,100.6,289,135,154,6.1,5.8,6.4,87.7,252,129,123,5.3,5.5,5.1,104.9,165,80,85,3.5,3.4,3.5,94.1,121,54,67,2.6,2.3,2.8,80.6,134,58,76,2.8,2.5,3.2,76.3,77,34,43,1.6,1.5,1.8,79.1,27,9,18,0.6,0.4,0.7,50,15,3,12,0.3,0.1,0.5,25,1240,619,621,26.1,26.5,25.8,99.7,2966,1477,1489,62.5,63.3,61.8,99.2,214,101,113,4.5,4.3,4.7,89.4,1466,725,741,30.9,31.1,30.7,97.8,543,286,257,11.4,12.3,10.7,111.3,923,439,484,19.5,18.8,20.1,90.7,1286,651,635,27.1,27.9,26.3,102.5,745,387,358,15.7,16.6,14.8,108.1,541,264,277,11.4,11.3,11.5,95.3,539,238,301,11.4,10.2,12.5,79.1,286,134,152,6,5.7,6.3,88.2,211,92,119,4.4,3.9,4.9,77.3,42,12,30,0.9,0.5,1.2,40,3633,1772,1861,76.6,75.9,77.2,95.2,3505,1715,1790,73.9,73.5,74.2,95.8,3408,1658,1750,71.8,71,72.6,94.7,791,367,424,16.7,15.7,17.6,86.6,682,314,368,14.4,13.5,15.3,85.3,475,210,265,10,9,11,79.2,253,104,149,5.3,4.5,6.2,69.8,39.4,38.9,39.8,(X),(X),(X),(X)
"East Hartford town, Hartford County, Connecticut",49575,23672,25903,100,100,100,91.4,3223,1598,1625,6.5,6.8,6.3,98.3,3460,1775,1685,7,7.5,6.5,105.3,3367,1734,1633,6.8,7.3,6.3,106.2,2922,1494,1428,5.9,6.3,5.5,104.6,2835,1335,1500,5.7,5.6,5.8,89,3353,1664,1689,6.8,7,6.5,98.5,3662,1782,1880,7.4,7.5,7.3,94.8,4041,1947,2094,8.2,8.2,8.1,93,3903,1892,2011,7.9,8,7.8,94.1,3279,1568,1711,6.6,6.6,6.6,91.6,3111,1509,1602,6.3,6.4,6.2,94.2,2569,1242,1327,5.2,5.2,5.1,93.6,2117,1006,1111,4.3,4.2,4.3,90.5,1971,866,1105,4,3.7,4.3,78.4,1981,845,1136,4,3.6,4.4,74.4,1747,685,1062,3.5,2.9,4.1,64.5,1149,449,700,2.3,1.9,2.7,64.1,573,202,371,1.2,0.9,1.4,54.4,312,79,233,0.6,0.3,0.9,33.9,11945,6074,5871,24.1,25.7,22.7,103.5,29897,14472,15425,60.3,61.1,59.5,93.8,3862,1862,2000,7.8,7.9,7.7,93.1,14959,7285,7674,30.2,30.8,29.6,94.9,7015,3446,3569,14.2,14.6,13.8,96.6,7944,3839,4105,16,16.2,15.8,93.5,11076,5325,5751,22.3,22.5,22.2,92.6,6390,3077,3313,12.9,13,12.8,92.9,4686,2248,2438,9.5,9.5,9.4,92.2,7733,3126,4607,15.6,13.2,17.8,67.9,3952,1711,2241,8,7.2,8.7,76.3,2896,1134,1762,5.8,4.8,6.8,64.4,885,281,604,1.8,1.2,2.3,46.5,38892,18248,20644,78.5,77.1,79.7,88.4,37630,17598,20032,75.9,74.3,77.3,87.8,36051,16799,19252,72.7,71,74.3,87.3,9850,4132,5718,19.9,17.5,22.1,72.3,8936,3699,5237,18,15.6,20.2,70.6,6959,2791,4168,14,11.8,16.1,67,3781,1415,2366,7.6,6,9.1,59.8,37.4,36.2,38.6,(X),(X),(X),(X)
"East Windsor town, Hartford County, Connecticut",9818,4820,4998,100,100,100,96.4,559,291,268,5.7,6,5.4,108.6,591,316,275,6,6.6,5.5,114.9,689,376,313,7,7.8,6.3,120.1,510,256,254,5.2,5.3,5.1,100.8,433,197,236,4.4,4.1,4.7,83.5,597,308,289,6.1,6.4,5.8,106.6,766,382,384,7.8,7.9,7.7,99.5,958,464,494,9.8,9.6,9.9,93.9,930,509,421,9.5,10.6,8.4,120.9,715,365,350,7.3,7.6,7,104.3,608,309,299,6.2,6.4,6,103.3,554,259,295,5.6,5.4,5.9,87.8,464,235,229,4.7,4.9,4.6,102.6,359,163,196,3.7,3.4,3.9,83.2,368,151,217,3.7,3.1,4.3,69.6,304,119,185,3.1,2.5,3.7,64.3,219,73,146,2.2,1.5,2.9,50,123,33,90,1.3,0.7,1.8,36.7,71,14,57,0.7,0.3,1.1,24.6,2176,1145,1031,22.2,23.8,20.6,111.1,6198,3122,3076,63.1,64.8,61.5,101.5,606,291,315,6.2,6,6.3,92.4,3251,1663,1588,33.1,34.5,31.8,104.7,1363,690,673,13.9,14.3,13.5,102.5,1888,973,915,19.2,20.2,18.3,106.3,2341,1168,1173,23.8,24.2,23.5,99.6,1323,674,649,13.5,14,13,103.9,1018,494,524,10.4,10.2,10.5,94.3,1444,553,891,14.7,11.5,17.8,62.1,727,314,413,7.4,6.5,8.3,76,523,192,331,5.3,4,6.6,58,194,47,147,2,1,2.9,32,7854,3771,4083,80,78.2,81.7,92.4,7642,3675,3967,77.8,76.2,79.4,92.6,7386,3547,3839,75.2,73.6,76.8,92.4,1908,788,1120,19.4,16.3,22.4,70.4,1697,687,1010,17.3,14.3,20.2,68,1301,485,816,13.3,10.1,16.3,59.4,717,239,478,7.3,5,9.6,50,39,38.2,39.9,(X),(X),(X),(X)
"Enfield town, Hartford County, Connecticut",45212,23705,21507,100,100,100,110.2,2529,1292,1237,5.6,5.5,5.8,104.4,2927,1454,1473,6.5,6.1,6.8,98.7,3071,1567,1504,6.8,6.6,7,104.2,2606,1387,1219,5.8,5.9,5.7,113.8,2516,1612,904,5.6,6.8,4.2,178.3,3072,1888,1184,6.8,8,5.5,159.5,3789,2182,1607,8.4,9.2,7.5,135.8,4502,2544,1958,10,10.7,9.1,129.9,4117,2233,1884,9.1,9.4,8.8,118.5,3058,1669,1389,6.8,7,6.5,120.2,2583,1274,1309,5.7,5.4,6.1,97.3,2355,1077,1278,5.2,4.5,5.9,84.3,1887,906,981,4.2,3.8,4.6,92.4,1913,893,1020,4.2,3.8,4.7,87.5,1641,745,896,3.6,3.1,4.2,83.1,1215,512,703,2.7,2.2,3.3,72.8,819,315,504,1.8,1.3,2.3,62.5,394,105,289,0.9,0.4,1.3,36.3,218,50,168,0.5,0.2,0.8,29.8,10234,5172,5062,22.6,21.8,23.5,102.2,28778,15913,12865,63.7,67.1,59.8,123.7,3415,2140,1275,7.6,9,5.9,167.8,15480,8847,6633,34.2,37.3,30.8,133.4,6861,4070,2791,15.2,17.2,13,145.8,8619,4777,3842,19.1,20.2,17.9,124.3,9883,4926,4957,21.9,20.8,23,99.4,5641,2943,2698,12.5,12.4,12.5,109.1,4242,1983,2259,9.4,8.4,10.5,87.8,6200,2620,3580,13.7,11.1,16.6,73.2,3554,1638,1916,7.9,6.9,8.9,85.5,2034,827,1207,4.5,3.5,5.6,68.5,612,155,457,1.4,0.7,2.1,33.9,36116,19101,17015,79.9,80.6,79.1,112.3,34978,18533,16445,77.4,78.2,76.5,112.7,33583,17681,15902,74.3,74.6,73.9,111.2,8087,3526,4561,17.9,14.9,21.2,77.3,7316,3132,4184,16.2,13.2,19.5,74.9,5444,2272,3172,12,9.6,14.7,71.6,2646,982,1664,5.9,4.1,7.7,59,37.3,35.9,39.2,(X),(X),(X),(X)
"Farmington town, Hartford County, Connecticut",23641,11197,12444,100,100,100,90,1348,674,674,5.7,6,5.4,100,1661,861,800,7,7.7,6.4,107.6,1796,947,849,7.6,8.5,6.8,111.5,1319,692,627,5.6,6.2,5,110.4,756,369,387,3.2,3.3,3.1,95.3,1138,545,593,4.8,4.9,4.8,91.9,1602,754,848,6.8,6.7,6.8,88.9,2017,944,1073,8.5,8.4,8.6,88,2256,1063,1193,9.5,9.5,9.6,89.1,2063,992,1071,8.7,8.9,8.6,92.6,1811,867,944,7.7,7.7,7.6,91.8,1306,640,666,5.5,5.7,5.4,96.1,894,423,471,3.8,3.8,3.8,89.8,869,382,487,3.7,3.4,3.9,78.4,866,369,497,3.7,3.3,4,74.2,789,309,480,3.3,2.8,3.9,64.4,602,223,379,2.5,2,3,58.8,334,98,236,1.4,0.9,1.9,41.5,214,45,169,0.9,0.4,1.4,26.6,5762,2969,2793,24.4,26.5,22.4,106.3,14205,6802,7403,60.1,60.7,59.5,91.9,1118,574,544,4.7,5.1,4.4,105.5,7013,3306,3707,29.7,29.5,29.8,89.2,2740,1299,1441,11.6,11.6,11.6,90.1,4273,2007,2266,18.1,17.9,18.2,88.6,6074,2922,3152,25.7,26.1,25.3,92.7,3874,1859,2015,16.4,16.6,16.2,92.3,2200,1063,1137,9.3,9.5,9.1,93.5,3674,1426,2248,15.5,12.7,18.1,63.4,1735,751,984,7.3,6.7,7.9,76.3,1391,532,859,5.9,4.8,6.9,61.9,548,143,405,2.3,1.3,3.3,35.3,18511,8542,9969,78.3,76.3,80.1,85.7,17879,8228,9651,75.6,73.5,77.6,85.3,17385,7958,9427,73.5,71.1,75.8,84.4,4568,1849,2719,19.3,16.5,21.8,68,4163,1660,2503,17.6,14.8,20.1,66.3,3339,1285,2054,14.1,11.5,16.5,62.6,1939,675,1264,8.2,6,10.2,53.4,40.4,39.1,41.6,(X),(X),(X),(X)
"Glastonbury town, Hartford County, Connecticut",31876,15109,16767,100,100,100,90.1,2248,1104,1144,7.1,7.3,6.8,96.5,2603,1330,1273,8.2,8.8,7.6,104.5,2393,1185,1208,7.5,7.8,7.2,98.1,1755,944,811,5.5,6.2,4.8,116.4,834,387,447,2.6,2.6,2.7,86.6,1188,550,638,3.7,3.6,3.8,86.2,2071,927,1144,6.5,6.1,6.8,81,2945,1395,1550,9.2,9.2,9.2,90,3042,1454,1588,9.5,9.6,9.5,91.6,2743,1284,1459,8.6,8.5,8.7,88,2743,1294,1449,8.6,8.6,8.6,89.3,1931,970,961,6.1,6.4,5.7,100.9,1321,653,668,4.1,4.3,4,97.8,1019,470,549,3.2,3.1,3.3,85.6,1001,438,563,3.1,2.9,3.4,77.8,893,363,530,2.8,2.4,3.2,68.5,576,203,373,1.8,1.3,2.2,54.4,360,109,251,1.1,0.7,1.5,43.4,210,49,161,0.7,0.3,1,30.4,8531,4283,4248,26.8,28.3,25.3,100.8,19286,9194,10092,60.5,60.9,60.2,91.1,1302,667,635,4.1,4.4,3.8,105,9246,4326,4920,29,28.6,29.3,87.9,3259,1477,1782,10.2,9.8,10.6,82.9,5987,2849,3138,18.8,18.9,18.7,90.8,8738,4201,4537,27.4,27.8,27.1,92.6,5486,2578,2908,17.2,17.1,17.3,88.7,3252,1623,1629,10.2,10.7,9.7,99.6,4059,1632,2427,12.7,10.8,14.5,67.2,2020,908,1112,6.3,6,6.6,81.7,1469,566,903,4.6,3.7,5.4,62.7,570,158,412,1.8,1,2.5,38.3,24195,11245,12950,75.9,74.4,77.2,86.8,23345,10826,12519,73.2,71.7,74.7,86.5,22712,10475,12237,71.3,69.3,73,85.6,5380,2285,3095,16.9,15.1,18.5,73.8,4803,1998,2805,15.1,13.2,16.7,71.2,3641,1437,2204,11.4,9.5,13.1,65.2,2039,724,1315,6.4,4.8,7.8,55.1,39.8,39.1,40.5,(X),(X),(X),(X)
"Granby town, Hartford County, Connecticut",10347,5139,5208,100,100,100,98.7,718,374,344,6.9,7.3,6.6,108.7,854,455,399,8.3,8.9,7.7,114,797,403,394,7.7,7.8,7.6,102.3,627,326,301,6.1,6.3,5.8,108.3,215,113,102,2.1,2.2,2,110.8,331,174,157,3.2,3.4,3,110.8,680,312,368,6.6,6.1,7.1,84.8,1029,511,518,9.9,9.9,9.9,98.6,1079,508,571,10.4,9.9,11,89,1000,518,482,9.7,10.1,9.3,107.5,839,411,428,8.1,8,8.2,96,636,316,320,6.1,6.1,6.1,98.8,399,221,178,3.9,4.3,3.4,124.2,336,167,169,3.2,3.2,3.2,98.8,298,137,161,2.9,2.7,3.1,85.1,226,102,124,2.2,2,2.4,82.3,166,66,100,1.6,1.3,1.9,66,66,18,48,0.6,0.4,0.9,37.5,51,7,44,0.5,0.1,0.8,15.9,2826,1472,1354,27.3,28.6,26,108.7,6378,3170,3208,61.6,61.7,61.6,98.8,385,199,186,3.7,3.9,3.6,107,3119,1505,1614,30.1,29.3,31,93.2,1011,486,525,9.8,9.5,10.1,92.6,2108,1019,1089,20.4,19.8,20.9,93.6,2874,1466,1408,27.8,28.5,27,104.1,1839,929,910,17.8,18.1,17.5,102.1,1035,537,498,10,10.4,9.6,107.8,1143,497,646,11,9.7,12.4,76.9,634,304,330,6.1,5.9,6.3,92.1,392,168,224,3.8,3.3,4.3,75,117,25,92,1.1,0.5,1.8,27.2,7819,3825,3994,75.6,74.4,76.7,95.8,7521,3667,3854,72.7,71.4,74,95.1,7291,3548,3743,70.5,69,71.9,94.8,1542,718,824,14.9,14,15.8,87.1,1357,609,748,13.1,11.9,14.4,81.4,998,431,567,9.6,8.4,10.9,76,509,193,316,4.9,3.8,6.1,61.1,39.6,39.1,40.2,(X),(X),(X),(X)
"Hartford town, Hartford County, Connecticut",121578,58071,63507,100,100,100,91.4,10116,5219,4897,8.3,9,7.7,106.6,10746,5452,5294,8.8,9.4,8.3,103,9959,5160,4799,8.2,8.9,7.6,107.5,10341,5151,5190,8.5,8.9,8.2,99.2,10689,5135,5554,8.8,8.8,8.7,92.5,9579,4555,5024,7.9,7.8,7.9,90.7,9222,4469,4753,7.6,7.7,7.5,94,9122,4326,4796,7.5,7.4,7.6,90.2,8276,3973,4303,6.8,6.8,6.8,92.3,6998,3256,3742,5.8,5.6,5.9,87,6344,2993,3351,5.2,5.2,5.3,89.3,4723,2168,2555,3.9,3.7,4,84.9,3875,1688,2187,3.2,2.9,3.4,77.2,3192,1376,1816,2.6,2.4,2.9,75.8,2743,1187,1556,2.3,2,2.5,76.3,2353,944,1409,1.9,1.6,2.2,67,1662,579,1083,1.4,1,1.7,53.5,1012,299,713,0.8,0.5,1.1,41.9,626,141,485,0.5,0.2,0.8,29.1,36568,18754,17814,30.1,32.3,28.1,105.3,73422,34791,38631,60.4,59.9,60.8,90.1,15283,7363,7920,12.6,12.7,12.5,93,36199,17323,18876,29.8,29.8,29.7,91.8,18801,9024,9777,15.5,15.5,15.4,92.3,17398,8299,9099,14.3,14.3,14.3,91.2,21940,10105,11835,18,17.4,18.6,85.4,13342,6249,7093,11,10.8,11.2,88.1,8598,3856,4742,7.1,6.6,7.5,81.3,11588,4526,7062,9.5,7.8,11.1,64.1,5935,2563,3372,4.9,4.4,5.3,76,4015,1523,2492,3.3,2.6,3.9,61.1,1638,440,1198,1.3,0.8,1.9,36.7,88839,41248,47591,73.1,71,74.9,86.7,85010,39317,45693,69.9,67.7,71.9,86,78063,35894,42169,64.2,61.8,66.4,85.1,15463,6214,9249,12.7,10.7,14.6,67.2,13819,5480,8339,11.4,9.4,13.1,65.7,10240,3944,6296,8.4,6.8,9.9,62.6,5653,1963,3690,4.6,3.4,5.8,53.2,29.7,28.3,31,(X),(X),(X),(X)
"Hartland town, Hartford County, Connecticut",2012,1006,1006,100,100,100,100,110,55,55,5.5,5.5,5.5,100,150,77,73,7.5,7.7,7.3,105.5,181,90,91,9,8.9,9,98.9,153,72,81,7.6,7.2,8.1,88.9,58,32,26,2.9,3.2,2.6,123.1,74,33,41,3.7,3.3,4.1,80.5,113,57,56,5.6,5.7,5.6,101.8,175,86,89,8.7,8.5,8.8,96.6,230,109,121,11.4,10.8,12,90.1,208,108,100,10.3,10.7,9.9,108,147,76,71,7.3,7.6,7.1,107,145,79,66,7.2,7.9,6.6,119.7,54,29,25,2.7,2.9,2.5,116,76,37,39,3.8,3.7,3.9,94.9,53,27,26,2.6,2.7,2.6,103.8,42,16,26,2.1,1.6,2.6,61.5,27,16,11,1.3,1.6,1.1,145.5,8,4,4,0.4,0.4,0.4,100,8,3,5,0.4,0.3,0.5,60,550,267,283,27.3,26.5,28.1,94.3,1248,636,612,62,63.2,60.8,103.9,102,59,43,5.1,5.9,4.3,137.2,592,285,307,29.4,28.3,30.5,92.8,187,90,97,9.3,8.9,9.6,92.8,405,195,210,20.1,19.4,20.9,92.9,554,292,262,27.5,29,26,111.5,355,184,171,17.6,18.3,17,107.6,199,108,91,9.9,10.7,9,118.7,214,103,111,10.6,10.2,11,92.8,129,64,65,6.4,6.4,6.5,98.5,69,32,37,3.4,3.2,3.7,86.5,16,7,9,0.8,0.7,0.9,77.8,1524,766,758,75.7,76.1,75.3,101.1,1462,739,723,72.7,73.5,71.9,102.2,1406,706,700,69.9,70.2,69.6,100.9,268,132,136,13.3,13.1,13.5,97.1,243,119,124,12.1,11.8,12.3,96,177,86,91,8.8,8.5,9,94.5,85,39,46,4.2,3.9,4.6,84.8,39.8,40.1,39.6,(X),(X),(X),(X)
"Manchester town, Hartford County, Connecticut",54740,26116,28624,100,100,100,91.2,3452,1756,1696,6.3,6.7,5.9,103.5,3492,1775,1717,6.4,6.8,6,103.4,3542,1848,1694,6.5,7.1,5.9,109.1,3024,1530,1494,5.5,5.9,5.2,102.4,3302,1563,1739,6,6,6.1,89.9,4547,2248,2299,8.3,8.6,8,97.8,4554,2264,2290,8.3,8.7,8,98.9,4628,2292,2336,8.5,8.8,8.2,98.1,4327,2085,2242,7.9,8,7.8,93,3875,1862,2013,7.1,7.1,7,92.5,3532,1639,1893,6.5,6.3,6.6,86.6,2819,1321,1498,5.1,5.1,5.2,88.2,1883,879,1004,3.4,3.4,3.5,87.5,1587,705,882,2.9,2.7,3.1,79.9,1783,771,1012,3.3,3,3.5,76.2,1734,675,1059,3.2,2.6,3.7,63.7,1444,540,904,2.6,2.1,3.2,59.7,803,262,541,1.5,1,1.9,48.4,412,101,311,0.8,0.4,1.1,32.5,12455,6354,6101,22.8,24.3,21.3,104.1,34522,16708,17814,63.1,64,62.2,93.8,4357,2118,2239,8,8.1,7.8,94.6,18056,8889,9167,33,34,32,97,9101,4512,4589,16.6,17.3,16,98.3,8955,4377,4578,16.4,16.8,16,95.6,12109,5701,6408,22.1,21.8,22.4,89,7407,3501,3906,13.5,13.4,13.6,89.6,4702,2200,2502,8.6,8.4,8.7,87.9,7763,3054,4709,14.2,11.7,16.5,64.9,3370,1476,1894,6.2,5.7,6.6,77.9,3178,1215,1963,5.8,4.7,6.9,61.9,1215,363,852,2.2,1.4,3,42.6,43596,20412,23184,79.6,78.2,81,88,42285,19762,22523,77.2,75.7,78.7,87.7,40720,18953,21767,74.4,72.6,76,87.1,9646,3933,5713,17.6,15.1,20,68.8,8843,3545,5298,16.2,13.6,18.5,66.9,7128,2773,4355,13,10.6,15.2,63.7,4393,1578,2815,8,6,9.8,56.1,36.5,35.1,37.9,(X),(X),(X),(X)
"Marlborough town, Hartford County, Connecticut",5709,2850,2859,100,100,100,99.7,380,194,186,6.7,6.8,6.5,104.3,455,253,202,8,8.9,7.1,125.2,480,252,228,8.4,8.8,8,110.5,348,198,150,6.1,6.9,5.2,132,161,83,78,2.8,2.9,2.7,106.4,201,84,117,3.5,2.9,4.1,71.8,401,195,206,7,6.8,7.2,94.7,548,272,276,9.6,9.5,9.7,98.6,559,263,296,9.8,9.2,10.4,88.9,581,285,296,10.2,10,10.4,96.3,554,273,281,9.7,9.6,9.8,97.2,386,205,181,6.8,7.2,6.3,113.3,184,96,88,3.2,3.4,3.1,109.1,128,63,65,2.2,2.2,2.3,96.9,108,56,52,1.9,2,1.8,107.7,93,37,56,1.6,1.3,2,66.1,63,26,37,1.1,0.9,1.3,70.3,42,11,31,0.7,0.4,1.1,35.5,37,4,33,0.6,0.1,1.2,12.1,1562,838,724,27.4,29.4,25.3,115.7,3676,1815,1861,64.4,63.7,65.1,97.5,262,142,120,4.6,5,4.2,118.3,1709,814,895,29.9,28.6,31.3,90.9,602,279,323,10.5,9.8,11.3,86.4,1107,535,572,19.4,18.8,20,93.5,1705,859,846,29.9,30.1,29.6,101.5,1135,558,577,19.9,19.6,20.2,96.7,570,301,269,10,10.6,9.4,111.9,471,197,274,8.3,6.9,9.6,71.9,236,119,117,4.1,4.2,4.1,101.7,156,63,93,2.7,2.2,3.3,67.7,79,15,64,1.4,0.5,2.2,23.4,4299,2097,2202,75.3,73.6,77,95.2,4147,2012,2135,72.6,70.6,74.7,94.2,4016,1936,2080,70.3,67.9,72.8,93.1,655,293,362,11.5,10.3,12.7,80.9,578,250,328,10.1,8.8,11.5,76.2,415,167,248,7.3,5.9,8.7,67.3,235,78,157,4.1,2.7,5.5,49.7,39,38.2,39.8,(X),(X),(X),(X)
"New Britain town, Hartford County, Connecticut",71538,34257,37281,100,100,100,91.9,4754,2406,2348,6.6,7,6.3,102.5,5051,2601,2450,7.1,7.6,6.6,106.2,4816,2403,2413,6.7,7,6.5,99.6,5249,2612,2637,7.3,7.6,7.1,99.1,6384,3061,3323,8.9,8.9,8.9,92.1,5508,2713,2795,7.7,7.9,7.5,97.1,5159,2592,2567,7.2,7.6,6.9,101,5001,2509,2492,7,7.3,6.7,100.7,5017,2516,2501,7,7.3,6.7,100.6,4439,2241,2198,6.2,6.5,5.9,102,3773,1827,1946,5.3,5.3,5.2,93.9,2859,1325,1534,4,3.9,4.1,86.4,2246,1041,1205,3.1,3,3.2,86.4,2263,948,1315,3.2,2.8,3.5,72.1,2696,1151,1545,3.8,3.4,4.1,74.5,2825,1107,1718,3.9,3.2,4.6,64.4,1891,708,1183,2.6,2.1,3.2,59.8,1093,361,732,1.5,1.1,2,49.3,514,135,379,0.7,0.4,1,35.6,17289,8779,8510,24.2,25.6,22.8,103.2,42967,21068,21899,60.1,61.5,58.7,96.2,8965,4304,4661,12.5,12.6,12.5,92.3,20685,10330,10355,28.9,30.2,27.8,99.8,10667,5305,5362,14.9,15.5,14.4,98.9,10018,5025,4993,14,14.7,13.4,100.6,13317,6434,6883,18.6,18.8,18.5,93.5,8212,4068,4144,11.5,11.9,11.1,98.2,5105,2366,2739,7.1,6.9,7.3,86.4,11282,4410,6872,15.8,12.9,18.4,64.2,4959,2099,2860,6.9,6.1,7.7,73.4,4716,1815,2901,6.6,5.3,7.8,62.6,1607,496,1111,2.2,1.4,3,44.6,56040,26400,29640,78.3,77.1,79.5,89.1,54249,25478,28771,75.8,74.4,77.2,88.6,50239,23556,26683,70.2,68.8,71.6,88.3,13528,5451,8077,18.9,15.9,21.7,67.5,12606,5039,7567,17.6,14.7,20.3,66.6,10473,4051,6422,14.6,11.8,17.2,63.1,6323,2311,4012,8.8,6.7,10.8,57.6,33.9,32.5,35.2,(X),(X),(X),(X)
"Newington town, Hartford County, Connecticut",29306,13778,15528,100,100,100,88.7,1530,794,736,5.2,5.8,4.7,107.9,1760,936,824,6,6.8,5.3,113.6,1790,924,866,6.1,6.7,5.6,106.7,1488,781,707,5.1,5.7,4.6,110.5,1127,555,572,3.8,4,3.7,97,1563,748,815,5.3,5.4,5.2,91.8,2032,989,1043,6.9,7.2,6.7,94.8,2514,1237,1277,8.6,9,8.2,96.9,2296,1068,1228,7.8,7.8,7.9,87,2206,1025,1181,7.5,7.4,7.6,86.8,2194,1019,1175,7.5,7.4,7.6,86.7,1824,838,986,6.2,6.1,6.3,85,1472,676,796,5,4.9,5.1,84.9,1308,599,709,4.5,4.3,4.6,84.5,1386,562,824,4.7,4.1,5.3,68.2,1229,511,718,4.2,3.7,4.6,71.2,878,314,564,3,2.3,3.6,55.7,472,160,312,1.6,1.2,2,51.3,237,42,195,0.8,0.3,1.3,21.5,6047,3157,2890,20.6,22.9,18.6,109.2,17749,8433,9316,60.6,61.2,60,90.5,1648,833,815,5.6,6,5.2,102.2,8405,4042,4363,28.7,29.3,28.1,92.6,3595,1737,1858,12.3,12.6,12,93.5,4810,2305,2505,16.4,16.7,16.1,92,7696,3558,4138,26.3,25.8,26.6,86,4400,2044,2356,15,14.8,15.2,86.8,3296,1514,1782,11.2,11,11.5,85,5510,2188,3322,18.8,15.9,21.4,65.9,2694,1161,1533,9.2,8.4,9.9,75.7,2107,825,1282,7.2,6,8.3,64.4,709,202,507,2.4,1.5,3.3,39.8,23901,10958,12943,81.6,79.5,83.4,84.7,23259,10621,12638,79.4,77.1,81.4,84,22532,10230,12302,76.9,74.2,79.2,83.2,6982,2864,4118,23.8,20.8,26.5,69.5,6384,2571,3813,21.8,18.7,24.6,67.4,5017,1948,3069,17.1,14.1,19.8,63.5,2816,1027,1789,9.6,7.5,11.5,57.4,41.9,39.7,43.7,(X),(X),(X),(X)
"Plainville town, Hartford County, Connecticut",17328,8461,8867,100,100,100,95.4,852,423,429,4.9,5,4.8,98.6,1077,559,518,6.2,6.6,5.8,107.9,1138,567,571,6.6,6.7,6.4,99.3,961,521,440,5.5,6.2,5,118.4,820,425,395,4.7,5,4.5,107.6,1180,617,563,6.8,7.3,6.3,109.6,1294,627,667,7.5,7.4,7.5,94,1478,770,708,8.5,9.1,8,108.8,1590,803,787,9.2,9.5,8.9,102,1368,666,702,7.9,7.9,7.9,94.9,1246,611,635,7.2,7.2,7.2,96.2,959,467,492,5.5,5.5,5.5,94.9,730,329,401,4.2,3.9,4.5,82,667,310,357,3.8,3.7,4,86.8,635,275,360,3.7,3.3,4.1,76.4,613,254,359,3.5,3,4,70.8,392,147,245,2.3,1.7,2.8,60,217,61,156,1.3,0.7,1.8,39.1,111,29,82,0.6,0.3,0.9,35.4,3682,1883,1799,21.2,22.3,20.3,104.7,11011,5502,5509,63.5,65,62.1,99.9,1166,612,554,6.7,7.2,6.2,110.5,5542,2817,2725,32,33.3,30.7,103.4,2474,1244,1230,14.3,14.7,13.9,101.1,3068,1573,1495,17.7,18.6,16.9,105.2,4303,2073,2230,24.8,24.5,25.1,93,2614,1277,1337,15.1,15.1,15.1,95.5,1689,796,893,9.7,9.4,10.1,89.1,2635,1076,1559,15.2,12.7,17.6,69,1302,585,717,7.5,6.9,8.1,81.6,1005,401,604,5.8,4.7,6.8,66.4,328,90,238,1.9,1.1,2.7,37.8,14040,6794,7246,81,80.3,81.7,93.8,13646,6578,7068,78.8,77.7,79.7,93.1,13150,6307,6843,75.9,74.5,77.2,92.2,3365,1405,1960,19.4,16.6,22.1,71.7,3050,1276,1774,17.6,15.1,20,71.9,2373,952,1421,13.7,11.3,16,67,1333,491,842,7.7,5.8,9.5,58.3,39.6,38.3,40.8,(X),(X),(X),(X)
"Rocky Hill town, Hartford County, Connecticut",17966,8875,9091,100,100,100,97.6,917,484,433,5.1,5.5,4.8,111.8,971,487,484,5.4,5.5,5.3,100.6,1085,552,533,6,6.2,5.9,103.6,785,421,364,4.4,4.7,4,115.7,870,437,433,4.8,4.9,4.8,100.9,1276,613,663,7.1,6.9,7.3,92.5,1357,684,673,7.6,7.7,7.4,101.6,1517,730,787,8.4,8.2,8.7,92.8,1589,765,824,8.8,8.6,9.1,92.8,1515,747,768,8.4,8.4,8.4,97.3,1379,732,647,7.7,8.2,7.1,113.1,1014,542,472,5.6,6.1,5.2,114.8,733,352,381,4.1,4,4.2,92.4,671,307,364,3.7,3.5,4,84.3,729,381,348,4.1,4.3,3.8,109.5,700,324,376,3.9,3.7,4.1,86.2,466,192,274,2.6,2.2,3,70.1,247,94,153,1.4,1.1,1.7,61.4,145,31,114,0.8,0.3,1.3,27.2,3534,1819,1715,19.7,20.5,18.9,106.1,11474,5727,5747,63.9,64.5,63.2,99.7,1094,562,532,6.1,6.3,5.9,105.6,5739,2792,2947,31.9,31.5,32.4,94.7,2633,1297,1336,14.7,14.6,14.7,97.1,3106,1495,1611,17.3,16.8,17.7,92.8,4641,2373,2268,25.8,26.7,24.9,104.6,2894,1479,1415,16.1,16.7,15.6,104.5,1747,894,853,9.7,10.1,9.4,104.8,2958,1329,1629,16.5,15,17.9,81.6,1400,688,712,7.8,7.8,7.8,96.6,1166,516,650,6.5,5.8,7.1,79.4,392,125,267,2.2,1.4,2.9,46.8,14802,7240,7562,82.4,81.6,83.2,95.7,14432,7056,7376,80.3,79.5,81.1,95.7,14088,6857,7231,78.4,77.3,79.5,94.8,3691,1681,2010,20.5,18.9,22.1,83.6,3391,1537,1854,18.9,17.3,20.4,82.9,2700,1216,1484,15,13.7,16.3,81.9,1558,641,917,8.7,7.2,10.1,69.9,40.6,40.2,41.1,(X),(X),(X),(X)
"Simsbury town, Hartford County, Connecticut",23234,11296,11938,100,100,100,94.6,1666,860,806,7.2,7.6,6.8,106.7,2027,1052,975,8.7,9.3,8.2,107.9,2069,1119,950,8.9,9.9,8,117.8,1440,733,707,6.2,6.5,5.9,103.7,504,249,255,2.2,2.2,2.1,97.6,729,345,384,3.1,3.1,3.2,89.8,1339,619,720,5.8,5.5,6,86,2011,959,1052,8.7,8.5,8.8,91.2,2362,1125,1237,10.2,10,10.4,90.9,2084,1002,1082,9,8.9,9.1,92.6,1881,899,982,8.1,8,8.2,91.5,1306,655,651,5.6,5.8,5.5,100.6,910,454,456,3.9,4,3.8,99.6,824,392,432,3.5,3.5,3.6,90.7,726,338,388,3.1,3,3.3,87.1,625,269,356,2.7,2.4,3,75.6,374,137,237,1.6,1.2,2,57.8,214,62,152,0.9,0.5,1.3,40.8,143,27,116,0.6,0.2,1,23.3,6858,3572,3286,29.5,31.6,27.5,108.7,13470,6499,6971,58,57.5,58.4,93.2,848,441,407,3.6,3.9,3.4,108.4,6441,3048,3393,27.7,27,28.4,89.8,2068,964,1104,8.9,8.5,9.2,87.3,4373,2084,2289,18.8,18.4,19.2,91,6181,3010,3171,26.6,26.6,26.6,94.9,3965,1901,2064,17.1,16.8,17.3,92.1,2216,1109,1107,9.5,9.8,9.3,100.2,2906,1225,1681,12.5,10.8,14.1,72.9,1550,730,820,6.7,6.5,6.9,89,999,406,593,4.3,3.6,5,68.5,357,89,268,1.5,0.8,2.2,33.2,17072,8071,9001,73.5,71.5,75.4,89.7,16376,7724,8652,70.5,68.4,72.5,89.3,15933,7486,8447,68.6,66.3,70.8,88.6,3816,1679,2137,16.4,14.9,17.9,78.6,3456,1504,1952,14.9,13.3,16.4,77,2597,1078,1519,11.2,9.5,12.7,71,1356,495,861,5.8,4.4,7.2,57.5,39.6,38.7,40.5,(X),(X),(X),(X)
"Southington town, Hartford County, Connecticut",39728,19255,20473,100,100,100,94.1,2399,1247,1152,6,6.5,5.6,108.2,2599,1342,1257,6.5,7,6.1,106.8,2855,1482,1373,7.2,7.7,6.7,107.9,2397,1225,1172,6,6.4,5.7,104.5,1581,803,778,4,4.2,3.8,103.2,1950,949,1001,4.9,4.9,4.9,94.8,2931,1432,1499,7.4,7.4,7.3,95.5,3389,1652,1737,8.5,8.6,8.5,95.1,3359,1659,1700,8.5,8.6,8.3,97.6,3105,1507,1598,7.8,7.8,7.8,94.3,3025,1433,1592,7.6,7.4,7.8,90,2522,1248,1274,6.3,6.5,6.2,98,1779,862,917,4.5,4.5,4.5,94,1530,713,817,3.9,3.7,4,87.3,1466,634,832,3.7,3.3,4.1,76.2,1289,528,761,3.2,2.7,3.7,69.4,908,340,568,2.3,1.8,2.8,59.9,434,142,292,1.1,0.7,1.4,48.6,210,57,153,0.5,0.3,0.7,37.3,9470,4910,4560,23.8,25.5,22.3,107.7,24421,11931,12490,61.5,62,61,95.5,2361,1189,1172,5.9,6.2,5.7,101.5,11629,5692,5937,29.3,29.6,29,95.9,4881,2381,2500,12.3,12.4,12.2,95.2,6748,3311,3437,17,17.2,16.8,96.3,10431,5050,5381,26.3,26.2,26.3,93.8,6130,2940,3190,15.4,15.3,15.6,92.2,4301,2110,2191,10.8,11,10.7,96.3,5837,2414,3423,14.7,12.5,16.7,70.5,2996,1347,1649,7.5,7,8.1,81.7,2197,868,1329,5.5,4.5,6.5,65.3,644,199,445,1.6,1,2.2,44.7,31323,14890,16433,78.8,77.3,80.3,90.6,30258,14345,15913,76.2,74.5,77.7,90.1,29143,13780,15363,73.4,71.6,75,89.7,7616,3276,4340,19.2,17,21.2,75.5,6842,2917,3925,17.2,15.1,19.2,74.3,5222,2124,3098,13.1,11,15.1,68.6,2841,1067,1774,7.2,5.5,8.7,60.1,39.7,38.5,40.8,(X),(X),(X),(X)
"South Windsor town, Hartford County, Connecticut",24412,11762,12650,100,100,100,93,1540,769,771,6.3,6.5,6.1,99.7,2022,1088,934,8.3,9.3,7.4,116.5,2034,1019,1015,8.3,8.7,8,100.4,1516,774,742,6.2,6.6,5.9,104.3,789,379,410,3.2,3.2,3.2,92.4,885,411,474,3.6,3.5,3.7,86.7,1581,735,846,6.5,6.2,6.7,86.9,2301,1058,1243,9.4,9,9.8,85.1,2493,1214,1279,10.2,10.3,10.1,94.9,2163,1036,1127,8.9,8.8,8.9,91.9,1834,904,930,7.5,7.7,7.4,97.2,1370,684,686,5.6,5.8,5.4,99.7,984,482,502,4,4.1,4,96,951,437,514,3.9,3.7,4.1,85,747,327,420,3.1,2.8,3.3,77.9,555,237,318,2.3,2,2.5,74.5,339,128,211,1.4,1.1,1.7,60.7,203,60,143,0.8,0.5,1.1,42,105,20,85,0.4,0.2,0.7,23.5,6677,3427,3250,27.4,29.1,25.7,105.4,14835,7126,7709,60.8,60.6,60.9,92.4,1224,602,622,5,5.1,4.9,96.8,7260,3418,3842,29.7,29.1,30.4,89,2466,1146,1320,10.1,9.7,10.4,86.8,4794,2272,2522,19.6,19.3,19.9,90.1,6351,3106,3245,26,26.4,25.7,95.7,3997,1940,2057,16.4,16.5,16.3,94.3,2354,1166,1188,9.6,9.9,9.4,98.1,2900,1209,1691,11.9,10.3,13.4,71.5,1698,764,934,7,6.5,7.4,81.8,894,365,529,3.7,3.1,4.2,69,308,80,228,1.3,0.7,1.8,35.1,18452,8703,9749,75.6,74,77.1,89.3,17735,8335,9400,72.6,70.9,74.3,88.7,17111,8020,9091,70.1,68.2,71.9,88.2,3884,1691,2193,15.9,14.4,17.3,77.1,3473,1491,1982,14.2,12.7,15.7,75.2,2482,1025,1457,10.2,8.7,11.5,70.4,1202,445,757,4.9,3.8,6,58.8,39,38.3,39.6,(X),(X),(X),(X)
"Suffield town, Hartford County, Connecticut",13552,7303,6249,100,100,100,116.9,712,370,342,5.3,5.1,5.5,108.2,860,428,432,6.3,5.9,6.9,99.1,916,460,456,6.8,6.3,7.3,100.9,816,464,352,6,6.4,5.6,131.8,772,598,174,5.7,8.2,2.8,343.7,716,479,237,5.3,6.6,3.8,202.1,959,588,371,7.1,8.1,5.9,158.5,1309,749,560,9.7,10.3,9,133.8,1308,711,597,9.7,9.7,9.6,119.1,1087,579,508,8,7.9,8.1,114,953,484,469,7,6.6,7.5,103.2,714,376,338,5.3,5.1,5.4,111.2,516,251,265,3.8,3.4,4.2,94.7,469,215,254,3.5,2.9,4.1,84.6,460,205,255,3.4,2.8,4.1,80.4,385,149,236,2.8,2,3.8,63.1,314,129,185,2.3,1.8,3,69.7,196,54,142,1.4,0.7,2.3,38,90,14,76,0.7,0.2,1.2,18.4,2991,1518,1473,22.1,20.8,23.6,103.1,8647,5019,3628,63.8,68.7,58.1,138.3,1085,802,283,8,11,4.5,283.4,4292,2527,1765,31.7,34.6,28.2,143.2,1675,1067,608,12.4,14.6,9.7,175.5,2617,1460,1157,19.3,20,18.5,126.2,3270,1690,1580,24.1,23.1,25.3,107,2040,1063,977,15.1,14.6,15.6,108.8,1230,627,603,9.1,8.6,9.6,104,1914,766,1148,14.1,10.5,18.4,66.7,929,420,509,6.9,5.8,8.1,82.5,699,278,421,5.2,3.8,6.7,66,286,68,218,2.1,0.9,3.5,31.2,10907,5955,4952,80.5,81.5,79.2,120.3,10561,5785,4776,77.9,79.2,76.4,121.1,10110,5479,4631,74.6,75,74.1,118.3,2430,1017,1413,17.9,13.9,22.6,72,2207,905,1302,16.3,12.4,20.8,69.5,1752,699,1053,12.9,9.6,16.9,66.4,985,346,639,7.3,4.7,10.2,54.1,39,36.8,41.6,(X),(X),(X),(X)
"West Hartford town, Hartford County, Connecticut",63589,29252,34337,100,100,100,85.2,3621,1858,1763,5.7,6.4,5.1,105.4,3942,1985,1957,6.2,6.8,5.7,101.4,4070,2039,2031,6.4,7,5.9,100.4,4872,2436,2436,7.7,8.3,7.1,100,3785,1795,1990,6,6.1,5.8,90.2,3176,1525,1651,5,5.2,4.8,92.4,3810,1780,2030,6,6.1,5.9,87.7,4564,2106,2458,7.2,7.2,7.2,85.7,4811,2291,2520,7.6,7.8,7.3,90.9,4747,2229,2518,7.5,7.6,7.3,88.5,4389,2087,2302,6.9,7.1,6.7,90.7,2908,1362,1546,4.6,4.7,4.5,88.1,2515,1100,1415,4,3.8,4.1,77.7,2399,1065,1334,3.8,3.6,3.9,79.8,2655,1113,1542,4.2,3.8,4.5,72.2,2577,1000,1577,4.1,3.4,4.6,63.4,2221,812,1409,3.5,2.8,4.1,57.6,1556,457,1099,2.4,1.6,3.2,41.6,971,212,759,1.5,0.7,2.2,27.9,14045,7142,6903,22.1,24.4,20.1,103.5,37165,17451,19714,58.4,59.7,57.4,88.5,6245,2971,3274,9.8,10.2,9.5,90.7,16361,7702,8659,25.7,26.3,25.2,88.9,6986,3305,3681,11,11.3,10.7,89.8,9375,4397,4978,14.7,15,14.5,88.3,14559,6778,7781,22.9,23.2,22.7,87.1,9136,4316,4820,14.4,14.8,14,89.5,5423,2462,2961,8.5,8.4,8.6,83.1,12379,4659,7720,19.5,15.9,22.5,60.3,5054,2178,2876,7.9,7.4,8.4,75.7,4798,1812,2986,7.5,6.2,8.7,60.7,2527,669,1858,4,2.3,5.4,36,51103,22917,28186,80.4,78.3,82.1,81.3,49544,22110,27434,77.9,75.6,79.9,80.6,46036,20456,25580,72.4,69.9,74.5,80,14894,5759,9135,23.4,19.7,26.6,63,13889,5294,8595,21.8,18.1,25,61.6,11425,4212,7213,18,14.4,21,58.4,7325,2481,4844,11.5,8.5,14.1,51.2,40,37.9,41.7,(X),(X),(X),(X)
"Wethersfield town, Hartford County, Connecticut",26271,12192,14079,100,100,100,86.6,1388,730,658,5.3,6,4.7,110.9,1512,793,719,5.8,6.5,5.1,110.3,1553,772,781,5.9,6.3,5.5,98.8,1205,607,598,4.6,5,4.2,101.5,877,436,441,3.3,3.6,3.1,98.9,1128,571,557,4.3,4.7,4,102.5,1710,820,890,6.5,6.7,6.3,92.1,2059,973,1086,7.8,8,7.7,89.6,2088,986,1102,7.9,8.1,7.8,89.5,1907,861,1046,7.3,7.1,7.4,82.3,1872,898,974,7.1,7.4,6.9,92.2,1512,693,819,5.8,5.7,5.8,84.6,1295,607,688,4.9,5,4.9,88.2,1400,603,797,5.3,4.9,5.7,75.7,1515,658,857,5.8,5.4,6.1,76.8,1416,579,837,5.4,4.7,5.9,69.2,984,357,627,3.7,2.9,4.5,56.9,591,192,399,2.2,1.6,2.8,48.1,259,56,203,1,0.5,1.4,27.6,5272,2707,2565,20.1,22.2,18.2,105.5,14834,7040,7794,56.5,57.7,55.4,90.3,1263,631,632,4.8,5.2,4.5,99.8,6985,3350,3635,26.6,27.5,25.8,92.2,2838,1391,1447,10.8,11.4,10.3,96.1,4147,1959,2188,15.8,16.1,15.5,89.5,6586,3059,3527,25.1,25.1,25.1,86.7,3779,1759,2020,14.4,14.4,14.3,87.1,2807,1300,1507,10.7,10.7,10.7,86.3,6165,2445,3720,23.5,20.1,26.4,65.7,2915,1261,1654,11.1,10.3,11.7,76.2,2400,936,1464,9.1,7.7,10.4,63.9,850,248,602,3.2,2,4.3,41.2,21551,9761,11790,82,80.1,83.7,82.8,20999,9485,11514,79.9,77.8,81.8,82.4,20461,9205,11256,77.9,75.5,79.9,81.8,7460,3052,4408,28.4,25,31.3,69.2,6935,2785,4150,26.4,22.8,29.5,67.1,5625,2207,3418,21.4,18.1,24.3,64.6,3250,1184,2066,12.4,9.7,14.7,57.3,44.1,42,46,(X),(X),(X),(X)
"Windsor town, Hartford County, Connecticut",28237,13349,14888,100,100,100,89.7,1692,874,818,6,6.5,5.5,106.8,1925,958,967,6.8,7.2,6.5,99.1,2095,1068,1027,7.4,8,6.9,104,1818,956,862,6.4,7.2,5.8,110.9,1100,577,523,3.9,4.3,3.5,110.3,1322,635,687,4.7,4.8,4.6,92.4,1895,879,1016,6.7,6.6,6.8,86.5,2353,1086,1267,8.3,8.1,8.5,85.7,2537,1200,1337,9,9,9,89.8,2418,1158,1260,8.6,8.7,8.5,91.9,2146,1036,1110,7.6,7.8,7.5,93.3,1675,797,878,5.9,6,5.9,90.8,1171,551,620,4.1,4.1,4.2,88.9,935,429,506,3.3,3.2,3.4,84.8,926,382,544,3.3,2.9,3.7,70.2,933,361,572,3.3,2.7,3.8,63.1,699,247,452,2.5,1.9,3,54.6,365,104,261,1.3,0.8,1.8,39.8,232,51,181,0.8,0.4,1.2,28.2,6955,3542,3413,24.6,26.5,22.9,103.8,17192,8233,8959,60.9,61.7,60.2,91.9,1675,891,784,5.9,6.7,5.3,113.6,8107,3800,4307,28.7,28.5,28.9,88.2,3217,1514,1703,11.4,11.3,11.4,88.9,4890,2286,2604,17.3,17.1,17.5,87.8,7410,3542,3868,26.2,26.5,26,91.6,4564,2194,2370,16.2,16.4,15.9,92.6,2846,1348,1498,10.1,10.1,10.1,90,4090,1574,2516,14.5,11.8,16.9,62.6,1861,811,1050,6.6,6.1,7.1,77.2,1632,608,1024,5.8,4.6,6.9,59.4,597,155,442,2.1,1.2,3,35.1,22103,10233,11870,78.3,76.7,79.7,86.2,21282,9807,11475,75.4,73.5,77.1,85.5,20476,9371,11105,72.5,70.2,74.6,84.4,5261,2125,3136,18.6,15.9,21.1,67.8,4783,1915,2868,16.9,14.3,19.3,66.8,3678,1377,2301,13,10.3,15.5,59.8,2229,763,1466,7.9,5.7,9.8,52,39.8,38.3,41,(X),(X),(X),(X)
"Windsor Locks town, Hartford County, Connecticut",12043,5841,6202,100,100,100,94.2,710,366,344,5.9,6.3,5.5,106.4,802,377,425,6.7,6.5,6.9,88.7,863,443,420,7.2,7.6,6.8,105.5,719,379,340,6,6.5,5.5,111.5,496,277,219,4.1,4.7,3.5,126.5,658,289,369,5.5,4.9,5.9,78.3,880,425,455,7.3,7.3,7.3,93.4,1139,574,565,9.5,9.8,9.1,101.6,1080,555,525,9,9.5,8.5,105.7,878,459,419,7.3,7.9,6.8,109.5,730,342,388,6.1,5.9,6.3,88.1,597,310,287,5,5.3,4.6,108,503,216,287,4.2,3.7,4.6,75.3,561,251,310,4.7,4.3,5,81,515,227,288,4.3,3.9,4.6,78.8,472,199,273,3.9,3.4,4.4,72.9,256,102,154,2.1,1.7,2.5,66.2,120,32,88,1,0.5,1.4,36.4,64,18,46,0.5,0.3,0.7,39.1,2849,1434,1415,23.7,24.6,22.8,101.3,7206,3578,3628,59.8,61.3,58.5,98.6,741,408,333,6.2,7,5.4,122.5,3757,1843,1914,31.2,31.6,30.9,96.3,1538,714,824,12.8,12.2,13.3,86.7,2219,1129,1090,18.4,19.3,17.6,103.6,2708,1327,1381,22.5,22.7,22.3,96.1,1608,801,807,13.4,13.7,13,99.3,1100,526,574,9.1,9,9.3,91.6,1988,829,1159,16.5,14.2,18.7,71.5,1076,478,598,8.9,8.2,9.6,79.9,728,301,427,6,5.2,6.9,70.5,184,50,134,1.5,0.9,2.2,37.3,9497,4566,4931,78.9,78.2,79.5,92.6,9194,4407,4787,76.3,75.4,77.2,92.1,8842,4216,4626,73.4,72.2,74.6,91.1,2491,1045,1446,20.7,17.9,23.3,72.3,2289,956,1333,19,16.4,21.5,71.7,1779,741,1038,14.8,12.7,16.7,71.4,912,351,561,7.6,6,9,62.6,38.9,38.2,39.7,(X),(X),(X),(X)
"Andover town, Tolland County, Connecticut",3036,1534,1502,100,100,100,102.1,231,133,98,7.6,8.7,6.5,135.7,242,131,111,8,8.5,7.4,118,227,114,113,7.5,7.4,7.5,100.9,159,79,80,5.2,5.1,5.3,98.8,101,58,43,3.3,3.8,2.9,134.9,141,70,71,4.6,4.6,4.7,98.6,257,122,135,8.5,8,9,90.4,284,135,149,9.4,8.8,9.9,90.6,379,199,180,12.5,13,12,110.6,293,145,148,9.7,9.5,9.9,98,228,118,110,7.5,7.7,7.3,107.3,151,73,78,5,4.8,5.2,93.6,109,54,55,3.6,3.5,3.7,98.2,63,33,30,2.1,2.2,2,110,62,29,33,2,1.9,2.2,87.9,51,18,33,1.7,1.2,2.2,54.5,35,17,18,1.2,1.1,1.2,94.4,17,6,11,0.6,0.4,0.7,54.5,6,0,6,0.2,0,0.4,0,828,440,388,27.3,28.7,25.8,113.4,1974,991,983,65,64.6,65.4,100.8,132,75,57,4.3,4.9,3.8,131.6,1061,526,535,34.9,34.3,35.6,98.3,398,192,206,13.1,12.5,13.7,93.2,663,334,329,21.8,21.8,21.9,101.5,781,390,391,25.7,25.4,26,99.7,521,263,258,17.2,17.1,17.2,101.9,260,127,133,8.6,8.3,8.9,95.5,234,103,131,7.7,6.7,8.7,78.6,125,62,63,4.1,4,4.2,98.4,86,35,51,2.8,2.3,3.4,68.6,23,6,17,0.8,0.4,1.1,35.3,2293,1135,1158,75.5,74,77.1,98,2208,1094,1114,72.7,71.3,74.2,98.2,2154,1066,1088,70.9,69.5,72.4,98,343,157,186,11.3,10.2,12.4,84.4,297,139,158,9.8,9.1,10.5,88,203,87,116,6.7,5.7,7.7,75,109,41,68,3.6,2.7,4.5,60.3,38,37.5,38.3,(X),(X),(X),(X)
"Bolton town, Tolland County, Connecticut",5017,2446,2571,100,100,100,95.1,306,141,165,6.1,5.8,6.4,85.5,354,183,171,7.1,7.5,6.7,107,446,224,222,8.9,9.2,8.6,100.9,288,142,146,5.7,5.8,5.7,97.3,161,82,79,3.2,3.4,3.1,103.8,147,72,75,2.9,2.9,2.9,96,287,130,157,5.7,5.3,6.1,82.8,465,214,251,9.3,8.7,9.8,85.3,530,259,271,10.6,10.6,10.5,95.6,478,235,243,9.5,9.6,9.5,96.7,415,216,199,8.3,8.8,7.7,108.5,334,172,162,6.7,7,6.3,106.2,228,116,112,4.5,4.7,4.4,103.6,162,81,81,3.2,3.3,3.2,100,175,81,94,3.5,3.3,3.7,86.2,110,40,70,2.2,1.6,2.7,57.1,77,43,34,1.5,1.8,1.3,126.5,37,10,27,0.7,0.4,1.1,37,17,5,12,0.3,0.2,0.5,41.7,1304,642,662,26,26.2,25.7,97,3135,1544,1591,62.5,63.1,61.9,97,251,130,121,5,5.3,4.7,107.4,1429,675,754,28.5,27.6,29.3,89.5,434,202,232,8.7,8.3,9,87.1,995,473,522,19.8,19.3,20.3,90.6,1455,739,716,29,30.2,27.8,103.2,893,451,442,17.8,18.4,17.2,102,562,288,274,11.2,11.8,10.7,105.1,578,260,318,11.5,10.6,12.4,81.8,337,162,175,6.7,6.6,6.8,92.6,187,83,104,3.7,3.4,4,79.8,54,15,39,1.1,0.6,1.5,38.5,3845,1865,1980,76.6,76.2,77,94.2,3713,1804,1909,74,73.8,74.3,94.5,3583,1738,1845,71.4,71.1,71.8,94.2,806,376,430,16.1,15.4,16.7,87.4,714,325,389,14.2,13.3,15.1,83.5,504,223,281,10,9.1,10.9,79.4,241,98,143,4.8,4,5.6,68.5,40.5,40.7,40.3,(X),(X),(X),(X)
"Columbia town, Tolland County, Connecticut",4971,2432,2539,100,100,100,95.8,327,166,161,6.6,6.8,6.3,103.1,398,186,212,8,7.6,8.3,87.7,385,192,193,7.7,7.9,7.6,99.5,272,153,119,5.5,6.3,4.7,128.6,149,69,80,3,2.8,3.2,86.3,204,102,102,4.1,4.2,4,100,324,142,182,6.5,5.8,7.2,78,465,216,249,9.4,8.9,9.8,86.7,511,259,252,10.3,10.6,9.9,102.8,471,231,240,9.5,9.5,9.5,96.3,429,215,214,8.6,8.8,8.4,100.5,291,147,144,5.9,6,5.7,102.1,205,103,102,4.1,4.2,4,101,164,86,78,3.3,3.5,3.1,110.3,145,68,77,2.9,2.8,3,88.3,119,50,69,2.4,2.1,2.7,72.5,70,29,41,1.4,1.2,1.6,70.7,30,11,19,0.6,0.5,0.7,57.9,12,7,5,0.2,0.3,0.2,140,1301,647,654,26.2,26.6,25.8,98.9,3130,1534,1596,63,63.1,62.9,96.1,230,119,111,4.6,4.9,4.4,107.2,1504,719,785,30.3,29.6,30.9,91.6,528,244,284,10.6,10,11.2,85.9,976,475,501,19.6,19.5,19.7,94.8,1396,696,700,28.1,28.6,27.6,99.4,900,446,454,18.1,18.3,17.9,98.2,496,250,246,10,10.3,9.7,101.6,540,251,289,10.9,10.3,11.4,86.9,309,154,155,6.2,6.3,6.1,99.4,189,79,110,3.8,3.2,4.3,71.8,42,18,24,0.8,0.7,0.9,75,3795,1848,1947,76.3,76,76.7,94.9,3670,1785,1885,73.8,73.4,74.2,94.7,3559,1714,1845,71.6,70.5,72.7,92.9,745,354,391,15,14.6,15.4,90.5,648,304,344,13,12.5,13.5,88.4,466,211,255,9.4,8.7,10,82.7,231,97,134,4.6,4,5.3,72.4,39.6,39.8,39.5,(X),(X),(X),(X)
"Coventry town, Tolland County, Connecticut",11504,5815,5689,100,100,100,102.2,823,428,395,7.2,7.4,6.9,108.4,840,444,396,7.3,7.6,7,112.1,946,472,474,8.2,8.1,8.3,99.6,682,351,331,5.9,6,5.8,106,507,294,213,4.4,5.1,3.7,138,602,299,303,5.2,5.1,5.3,98.7,957,462,495,8.3,7.9,8.7,93.3,1201,614,587,10.4,10.6,10.3,104.6,1112,551,561,9.7,9.5,9.9,98.2,996,493,503,8.7,8.5,8.8,98,855,440,415,7.4,7.6,7.3,106,634,328,306,5.5,5.6,5.4,107.2,366,201,165,3.2,3.5,2.9,121.8,311,155,156,2.7,2.7,2.7,99.4,247,110,137,2.1,1.9,2.4,80.3,187,92,95,1.6,1.6,1.7,96.8,140,54,86,1.2,0.9,1.5,62.8,67,17,50,0.6,0.3,0.9,34,31,10,21,0.3,0.2,0.4,47.6,3114,1604,1510,27.1,27.6,26.5,106.2,7407,3773,3634,64.4,64.9,63.9,103.8,684,385,299,5.9,6.6,5.3,128.8,3872,1926,1946,33.7,33.1,34.2,99,1559,761,798,13.6,13.1,14,95.4,2313,1165,1148,20.1,20,20.2,101.5,2851,1462,1389,24.8,25.1,24.4,105.3,1851,933,918,16.1,16,16.1,101.6,1000,529,471,8.7,9.1,8.3,112.3,983,438,545,8.5,7.5,9.6,80.4,558,265,293,4.9,4.6,5.2,90.4,327,146,181,2.8,2.5,3.2,80.7,98,27,71,0.9,0.5,1.2,38,8721,4385,4336,75.8,75.4,76.2,101.1,8390,4211,4179,72.9,72.4,73.5,100.8,8110,4064,4046,70.5,69.9,71.1,100.4,1349,639,710,11.7,11,12.5,90,1191,561,630,10.4,9.6,11.1,89,860,380,480,7.5,6.5,8.4,79.2,425,173,252,3.7,3,4.4,68.7,36.6,36.2,37,(X),(X),(X),(X)
"Ellington town, Tolland County, Connecticut",12921,6425,6496,100,100,100,98.9,827,394,433,6.4,6.1,6.7,91,932,505,427,7.2,7.9,6.6,118.3,977,515,462,7.6,8,7.1,111.5,780,413,367,6,6.4,5.6,112.5,575,275,300,4.5,4.3,4.6,91.7,832,393,439,6.4,6.1,6.8,89.5,1082,531,551,8.4,8.3,8.5,96.4,1312,655,657,10.2,10.2,10.1,99.7,1295,647,648,10,10.1,10,99.8,1022,520,502,7.9,8.1,7.7,103.6,865,432,433,6.7,6.7,6.7,99.8,704,347,357,5.4,5.4,5.5,97.2,460,240,220,3.6,3.7,3.4,109.1,362,175,187,2.8,2.7,2.9,93.6,341,155,186,2.6,2.4,2.9,83.3,279,125,154,2.2,1.9,2.4,81.2,167,67,100,1.3,1,1.5,67,77,28,49,0.6,0.4,0.8,57.1,32,8,24,0.2,0.1,0.4,33.3,3257,1684,1573,25.2,26.2,24.2,107.1,8406,4183,4223,65.1,65.1,65,99.1,834,418,416,6.5,6.5,6.4,100.5,4521,2226,2295,35,34.6,35.3,97,1914,924,990,14.8,14.4,15.2,93.3,2607,1302,1305,20.2,20.3,20.1,99.8,3051,1539,1512,23.6,24,23.3,101.8,1887,952,935,14.6,14.8,14.4,101.8,1164,587,577,9,9.1,8.9,101.7,1258,558,700,9.7,8.7,10.8,79.7,703,330,373,5.4,5.1,5.7,88.5,446,192,254,3.5,3,3.9,75.6,109,36,73,0.8,0.6,1.1,49.3,10029,4921,5108,77.6,76.6,78.6,96.3,9664,4741,4923,74.8,73.8,75.8,96.3,9305,4552,4753,72,70.8,73.2,95.8,1718,798,920,13.3,12.4,14.2,86.7,1543,709,834,11.9,11,12.8,85,1108,484,624,8.6,7.5,9.6,77.6,555,228,327,4.3,3.5,5,69.7,36.9,36.6,37.2,(X),(X),(X),(X)
"Hebron town, Tolland County, Connecticut",8610,4307,4303,100,100,100,100.1,782,418,364,9.1,9.7,8.5,114.8,693,349,344,8,8.1,8,101.5,746,386,360,8.7,9,8.4,107.2,517,273,244,6,6.3,5.7,111.9,237,122,115,2.8,2.8,2.7,106.1,319,154,165,3.7,3.6,3.8,93.3,722,341,381,8.4,7.9,8.9,89.5,876,407,469,10.2,9.4,10.9,86.8,984,477,507,11.4,11.1,11.8,94.1,778,393,385,9,9.1,8.9,102.1,720,372,348,8.4,8.6,8.1,106.9,438,229,209,5.1,5.3,4.9,109.6,278,155,123,3.2,3.6,2.9,126,165,79,86,1.9,1.8,2,91.9,132,64,68,1.5,1.5,1.6,94.1,123,48,75,1.4,1.1,1.7,64,67,28,39,0.8,0.7,0.9,71.8,26,9,17,0.3,0.2,0.4,52.9,7,3,4,0.1,0.1,0.1,75,2583,1336,1247,30,31,29,107.1,5507,2740,2767,64,63.6,64.3,99,392,212,180,4.6,4.9,4.2,117.8,2901,1379,1522,33.7,32,35.4,90.6,1041,495,546,12.1,11.5,12.7,90.7,1860,884,976,21.6,20.5,22.7,90.6,2214,1149,1065,25.7,26.7,24.8,107.9,1498,765,733,17.4,17.8,17,104.4,716,384,332,8.3,8.9,7.7,115.7,520,231,289,6,5.4,6.7,79.9,297,143,154,3.4,3.3,3.6,92.9,190,76,114,2.2,1.8,2.6,66.7,33,12,21,0.4,0.3,0.5,57.1,6272,3088,3184,72.8,71.7,74,97,6027,2971,3056,70,69,71,97.2,5816,2848,2968,67.5,66.1,69,96,798,386,412,9.3,9,9.6,93.7,660,314,346,7.7,7.3,8,90.8,442,199,243,5.1,4.6,5.6,81.9,223,88,135,2.6,2,3.1,65.2,36.8,36.5,37,(X),(X),(X),(X)
"Mansfield town, Tolland County, Connecticut",20720,10259,10461,100,100,100,98.1,600,294,306,2.9,2.9,2.9,96.1,786,439,347,3.8,4.3,3.3,126.5,858,445,413,4.1,4.3,3.9,107.7,4450,1986,2464,21.5,19.4,23.6,80.6,5348,2746,2602,25.8,26.8,24.9,105.5,1031,599,432,5,5.8,4.1,138.7,934,502,432,4.5,4.9,4.1,116.2,965,514,451,4.7,5,4.3,114,989,488,501,4.8,4.8,4.8,97.4,985,491,494,4.8,4.8,4.7,99.4,832,416,416,4,4.1,4,100,647,333,314,3.1,3.2,3,106.1,456,213,243,2.2,2.1,2.3,87.7,457,223,234,2.2,2.2,2.2,95.3,469,212,257,2.3,2.1,2.5,82.5,419,177,242,2,1.7,2.3,73.1,279,116,163,1.3,1.1,1.6,71.2,138,44,94,0.7,0.4,0.9,46.8,77,21,56,0.4,0.2,0.5,37.5,2753,1442,1311,13.3,14.1,12.5,110,16128,8024,8104,77.8,78.2,77.5,99,9289,4468,4821,44.8,43.6,46.1,92.7,3919,2103,1816,18.9,20.5,17.4,115.8,1965,1101,864,9.5,10.7,8.3,127.4,1954,1002,952,9.4,9.8,9.1,105.3,2920,1453,1467,14.1,14.2,14,99,1817,907,910,8.8,8.8,8.7,99.7,1103,546,557,5.3,5.3,5.3,98,1839,793,1046,8.9,7.7,10,75.8,926,435,491,4.5,4.2,4.7,88.6,698,293,405,3.4,2.9,3.9,72.3,215,65,150,1,0.6,1.4,43.3,18312,8997,9315,88.4,87.7,89,96.6,17967,8817,9150,86.7,85.9,87.5,96.4,12011,6121,5890,58,59.7,56.3,103.9,2295,1006,1289,11.1,9.8,12.3,78,2091,905,1186,10.1,8.8,11.3,76.3,1662,707,955,8,6.9,9.1,74,913,358,555,4.4,3.5,5.3,64.5,22,22.4,21.8,(X),(X),(X),(X)
"Somers town, Tolland County, Connecticut",10417,6325,4092,100,100,100,154.6,448,235,213,4.3,3.7,5.2,110.3,613,304,309,5.9,4.8,7.6,98.4,714,369,345,6.9,5.8,8.4,107,656,396,260,6.3,6.3,6.4,152.3,719,603,116,6.9,9.5,2.8,519.8,710,558,152,6.8,8.8,3.7,367.1,828,610,218,7.9,9.6,5.3,279.8,1092,718,374,10.5,11.4,9.1,192,1082,655,427,10.4,10.4,10.4,153.4,848,483,365,8.1,7.6,8.9,132.3,656,366,290,6.3,5.8,7.1,126.2,574,314,260,5.5,5,6.4,120.8,426,224,202,4.1,3.5,4.9,110.9,351,179,172,3.4,2.8,4.2,104.1,268,128,140,2.6,2,3.4,91.4,203,83,120,1.9,1.3,2.9,69.2,148,68,80,1.4,1.1,2,85,49,19,30,0.5,0.3,0.7,63.3,32,13,19,0.3,0.2,0.5,68.4,2169,1120,1049,20.8,17.7,25.6,106.8,7197,4715,2482,69.1,74.5,60.7,190,981,787,194,9.4,12.4,4.7,405.7,3712,2541,1171,35.6,40.2,28.6,217,1538,1168,370,14.8,18.5,9,315.7,2174,1373,801,20.9,21.7,19.6,171.4,2504,1387,1117,24,21.9,27.3,124.2,1504,849,655,14.4,13.4,16,129.6,1000,538,462,9.6,8.5,11.3,116.5,1051,490,561,10.1,7.7,13.7,87.3,619,307,312,5.9,4.9,7.6,98.4,351,151,200,3.4,2.4,4.9,75.5,81,32,49,0.8,0.5,1.2,65.3,8505,5343,3162,81.6,84.5,77.3,169,8248,5205,3043,79.2,82.3,74.4,171,7825,4894,2931,75.1,77.4,71.6,167,1477,714,763,14.2,11.3,18.6,93.6,1322,636,686,12.7,10.1,16.8,92.7,904,416,488,8.7,6.6,11.9,85.2,432,183,249,4.1,2.9,6.1,73.5,37.4,35.6,40.8,(X),(X),(X),(X)
"Stafford town, Tolland County, Connecticut",11307,5537,5770,100,100,100,96,721,359,362,6.4,6.5,6.3,99.2,792,396,396,7,7.2,6.9,100,850,403,447,7.5,7.3,7.7,90.2,783,412,371,6.9,7.4,6.4,111.1,476,237,239,4.2,4.3,4.1,99.2,631,305,326,5.6,5.5,5.6,93.6,817,399,418,7.2,7.2,7.2,95.5,1071,513,558,9.5,9.3,9.7,91.9,1140,587,553,10.1,10.6,9.6,106.1,909,471,438,8,8.5,7.6,107.5,790,405,385,7,7.3,6.7,105.2,532,278,254,4.7,5,4.4,109.4,387,196,191,3.4,3.5,3.3,102.6,287,140,147,2.5,2.5,2.5,95.2,360,153,207,3.2,2.8,3.6,73.9,286,127,159,2.5,2.3,2.8,79.9,244,92,152,2.2,1.7,2.6,60.5,140,44,96,1.2,0.8,1.7,45.8,91,20,71,0.8,0.4,1.2,28.2,2885,1431,1454,25.5,25.8,25.2,98.4,7014,3530,3484,62,63.8,60.4,101.3,737,376,361,6.5,6.8,6.3,104.2,3659,1804,1855,32.4,32.6,32.1,97.3,1448,704,744,12.8,12.7,12.9,94.6,2211,1100,1111,19.6,19.9,19.3,99,2618,1350,1268,23.2,24.4,22,106.5,1699,876,823,15,15.8,14.3,106.4,919,474,445,8.1,8.6,7.7,106.5,1408,576,832,12.5,10.4,14.4,69.2,647,293,354,5.7,5.3,6.1,82.8,530,219,311,4.7,4,5.4,70.4,231,64,167,2,1.2,2.9,38.3,8761,4284,4477,77.5,77.4,77.6,95.7,8422,4106,4316,74.5,74.2,74.8,95.1,8057,3923,4134,71.3,70.9,71.6,94.9,1795,772,1023,15.9,13.9,17.7,75.5,1625,689,936,14.4,12.4,16.2,73.6,1284,517,767,11.4,9.3,13.3,67.4,761,283,478,6.7,5.1,8.3,59.2,37.8,37.6,38,(X),(X),(X),(X)
"Tolland town, Tolland County, Connecticut",13146,6550,6596,100,100,100,99.3,992,501,491,7.5,7.6,7.4,102,1059,561,498,8.1,8.6,7.6,112.7,1097,554,543,8.3,8.5,8.2,102,861,443,418,6.5,6.8,6.3,106,432,233,199,3.3,3.6,3,117.1,524,249,275,4,3.8,4.2,90.5,988,449,539,7.5,6.9,8.2,83.3,1309,660,649,10,10.1,9.8,101.7,1349,667,682,10.3,10.2,10.3,97.8,1158,561,597,8.8,8.6,9.1,94,1014,504,510,7.7,7.7,7.7,98.8,840,426,414,6.4,6.5,6.3,102.9,513,272,241,3.9,4.2,3.7,112.9,354,169,185,2.7,2.6,2.8,91.4,275,148,127,2.1,2.3,1.9,116.5,167,80,87,1.3,1.2,1.3,92,110,47,63,0.8,0.7,1,74.6,62,17,45,0.5,0.3,0.7,37.8,42,9,33,0.3,0.1,0.5,27.3,3725,1908,1817,28.3,29.1,27.5,105,8411,4172,4239,64,63.7,64.3,98.4,716,384,332,5.4,5.9,5,115.7,4170,2025,2145,31.7,30.9,32.5,94.4,1512,698,814,11.5,10.7,12.3,85.7,2658,1327,1331,20.2,20.3,20.2,99.7,3525,1763,1762,26.8,26.9,26.7,100.1,2172,1065,1107,16.5,16.3,16.8,96.2,1353,698,655,10.3,10.7,9.9,106.6,1010,470,540,7.7,7.2,8.2,87,629,317,312,4.8,4.8,4.7,101.6,277,127,150,2.1,1.9,2.3,84.7,104,26,78,0.8,0.4,1.2,33.3,9799,4838,4961,74.5,73.9,75.2,97.5,9421,4642,4779,71.7,70.9,72.5,97.1,9052,4443,4609,68.9,67.8,69.9,96.4,1523,742,781,11.6,11.3,11.8,95,1310,633,677,10,9.7,10.3,93.5,839,389,450,6.4,5.9,6.8,86.4,381,153,228,2.9,2.3,3.5,67.1,37.4,37.2,37.6,(X),(X),(X),(X)
"Union town, Tolland County, Connecticut",693,352,341,100,100,100,103.2,48,26,22,6.9,7.4,6.5,118.2,41,19,22,5.9,5.4,6.5,86.4,37,19,18,5.3,5.4,5.3,105.6,30,15,15,4.3,4.3,4.4,100,16,5,11,2.3,1.4,3.2,45.5,47,26,21,6.8,7.4,6.2,123.8,46,20,26,6.6,5.7,7.6,76.9,81,41,40,11.7,11.6,11.7,102.5,66,36,30,9.5,10.2,8.8,120,66,35,31,9.5,9.9,9.1,112.9,66,39,27,9.5,11.1,7.9,144.4,43,24,19,6.2,6.8,5.6,126.3,24,14,10,3.5,4,2.9,140,16,5,11,2.3,1.4,3.2,45.5,23,11,12,3.3,3.1,3.5,91.7,22,10,12,3.2,2.8,3.5,83.3,14,5,9,2,1.4,2.6,55.6,5,2,3,0.7,0.6,0.9,66.7,2,0,2,0.3,0,0.6,0,149,76,73,21.5,21.6,21.4,104.1,462,243,219,66.7,69,64.2,111,23,8,15,3.3,2.3,4.4,53.3,240,123,117,34.6,34.9,34.3,105.1,93,46,47,13.4,13.1,13.8,97.9,147,77,70,21.2,21.9,20.5,110,199,112,87,28.7,31.8,25.5,128.7,132,74,58,19,21,17,127.6,67,38,29,9.7,10.8,8.5,131,82,33,49,11.8,9.4,14.4,67.3,39,16,23,5.6,4.5,6.7,69.6,36,15,21,5.2,4.3,6.2,71.4,7,2,5,1,0.6,1.5,40,557,285,272,80.4,81,79.8,104.8,544,276,268,78.5,78.4,78.6,103,533,272,261,76.9,77.3,76.5,104.2,106,47,59,15.3,13.4,17.3,79.7,98,41,57,14.1,11.6,16.7,71.9,77,31,46,11.1,8.8,13.5,67.4,43,17,26,6.2,4.8,7.6,65.4,40,40.6,39.6,(X),(X),(X),(X)
"Vernon town, Tolland County, Connecticut",28063,13420,14643,100,100,100,91.6,1713,891,822,6.1,6.6,5.6,108.4,1776,861,915,6.3,6.4,6.2,94.1,1744,876,868,6.2,6.5,5.9,100.9,1507,752,755,5.4,5.6,5.2,99.6,1617,772,845,5.8,5.8,5.8,91.4,2195,1061,1134,7.8,7.9,7.7,93.6,2211,1105,1106,7.9,8.2,7.6,99.9,2367,1161,1206,8.4,8.7,8.2,96.3,2331,1180,1151,8.3,8.8,7.9,102.5,2001,989,1012,7.1,7.4,6.9,97.7,1948,901,1047,6.9,6.7,7.2,86.1,1610,801,809,5.7,6,5.5,99,1137,532,605,4.1,4,4.1,87.9,1032,455,577,3.7,3.4,3.9,78.9,922,404,518,3.3,3,3.5,78,833,342,491,3,2.5,3.4,69.7,605,198,407,2.2,1.5,2.8,48.6,333,104,229,1.2,0.8,1.6,45.4,181,35,146,0.6,0.3,1,24,6205,3123,3082,22.1,23.3,21,101.3,17952,8759,9193,64,65.3,62.8,95.3,2152,1029,1123,7.7,7.7,7.7,91.6,9104,4507,4597,32.4,33.6,31.4,98,4406,2166,2240,15.7,16.1,15.3,96.7,4698,2341,2357,16.7,17.4,16.1,99.3,6696,3223,3473,23.9,24,23.7,92.8,3949,1890,2059,14.1,14.1,14.1,91.8,2747,1333,1414,9.8,9.9,9.7,94.3,3906,1538,2368,13.9,11.5,16.2,64.9,1954,859,1095,7,6.4,7.5,78.4,1438,540,898,5.1,4,6.1,60.1,514,139,375,1.8,1,2.6,37.1,22490,10614,11876,80.1,79.1,81.1,89.4,21858,10297,11561,77.9,76.7,79,89.1,21061,9907,11154,75,73.8,76.2,88.8,5043,2070,2973,18,15.4,20.3,69.6,4539,1825,2714,16.2,13.6,18.5,67.2,3505,1372,2133,12.5,10.2,14.6,64.3,1952,679,1273,7,5.1,8.7,53.3,37.7,36.7,38.7,(X),(X),(X),(X)
"Willington town, Tolland County, Connecticut",5959,2981,2978,100,100,100,100.1,285,142,143,4.8,4.8,4.8,99.3,315,143,172,5.3,4.8,5.8,83.1,404,205,199,6.8,6.9,6.7,103,379,212,167,6.4,7.1,5.6,126.9,1023,490,533,17.2,16.4,17.9,91.9,335,194,141,5.6,6.5,4.7,137.6,367,183,184,6.2,6.1,6.2,99.5,491,252,239,8.2,8.5,8,105.4,525,252,273,8.8,8.5,9.2,92.3,488,245,243,8.2,8.2,8.2,100.8,413,200,213,6.9,6.7,7.2,93.9,309,165,144,5.2,5.5,4.8,114.6,165,81,84,2.8,2.7,2.8,96.4,150,80,70,2.5,2.7,2.4,114.3,127,60,67,2.1,2,2.2,89.6,82,43,39,1.4,1.4,1.3,110.3,46,19,27,0.8,0.6,0.9,70.4,33,11,22,0.6,0.4,0.7,50,22,4,18,0.4,0.1,0.6,22.2,1247,637,610,20.9,21.4,20.5,104.4,4252,2127,2125,71.4,71.4,71.4,100.1,1159,555,604,19.4,18.6,20.3,91.9,1718,881,837,28.8,29.6,28.1,105.3,702,377,325,11.8,12.6,10.9,116,1016,504,512,17,16.9,17.2,98.4,1375,691,684,23.1,23.2,23,101,901,445,456,15.1,14.9,15.3,97.6,474,246,228,8,8.3,7.7,107.9,460,217,243,7.7,7.3,8.2,89.3,277,140,137,4.6,4.7,4.6,102.2,128,62,66,2.1,2.1,2.2,93.9,55,15,40,0.9,0.5,1.3,37.5,4882,2455,2427,81.9,82.4,81.5,101.2,4712,2344,2368,79.1,78.6,79.5,99,4400,2196,2204,73.8,73.7,74,99.6,625,298,327,10.5,10,11,91.1,548,258,290,9.2,8.7,9.7,89,401,185,216,6.7,6.2,7.3,85.6,183,77,106,3.1,2.6,3.6,72.6,33.6,33.3,33.9,(X),(X),(X),(X)
